{"key": "entry|entry|1.0.0|.preview/fakeuiability/FakeUIAbility.ts", "val": {"version":3,"file":"FakeUIAbility.ets","sourceRoot":"","sources":["entry/.preview/fakeuiability/FakeUIAbility.ets"],"names":[],"mappings":"YAAQ,eAAe;OAAE,SAAS;YAAE,IAAI;OAChC,KAAK;YACL,MAAM;AAEd,MAAM,MAAM,GAAG,MAAM,CAAC;AAEtB,MAAM,CAAC,OAAO,OAAO,aAAc,SAAQ,SAAS;IAChD,QAAQ,CAAC,IAAI,EAAE,IAAI,EAAE,WAAW,EAAE,eAAe,CAAC,WAAW,GAAG,IAAI;IACtE,CAAC;IAED,SAAS,IAAI,IAAI;IACjB,CAAC;IAED,mBAAmB,CAAC,WAAW,EAAE,MAAM,CAAC,WAAW,GAAG,IAAI;QACxD,WAAW,CAAC,WAAW,CAAC,aAAa,EAAE,CAAC,GAAG,EAAE,EAAE;YAC7C,IAAI,GAAG,CAAC,IAAI,EAAE;gBACZ,KAAK,CAAC,KAAK,CAAC,MAAM,EAAE,SAAS,EAAE,+CAA+C,EAAE,IAAI,CAAC,SAAS,CAAC,GAAG,CAAC,CAAC,CAAC;gBACrG,OAAO;aACR;QACH,CAAC,CAAC,CAAC;IACL,CAAC;IAED,oBAAoB,IAAI,IAAI;IAC5B,CAAC;IAED,YAAY,IAAI,IAAI;IACpB,CAAC;IAED,YAAY,IAAI,IAAI;IACpB,CAAC;CACF","entry-package-info":"entry|1.0.0"}}
{"key": "entry|entry|1.0.0|src/main/ets/entryability/EntryAbility.ts", "val": {"version":3,"file":"EntryAbility.ets","sourceRoot":"","sources":["entry/src/main/ets/entryability/EntryAbility.ets"],"names":[],"mappings":"YAAS,eAAe;OAAE,qBAAqB;OAAE,SAAS;YAAE,IAAI;OACvD,KAAK;YACL,MAAM;AAEf,MAAM,MAAM,GAAG,MAAM,CAAC;AAEtB,MAAM,CAAC,OAAO,OAAO,YAAa,SAAQ,SAAS;IACjD,QAAQ,CAAC,IAAI,EAAE,IAAI,EAAE,WAAW,EAAE,eAAe,CAAC,WAAW,GAAG,IAAI;QAClE,IAAI;YACF,IAAI,CAAC,OAAO,CAAC,qBAAqB,EAAE,CAAC,YAAY,CAAC,qBAAqB,CAAC,SAAS,CAAC,kBAAkB,CAAC,CAAC;SACvG;QAAC,OAAO,GAAG,EAAE;YACZ,KAAK,CAAC,KAAK,CAAC,MAAM,EAAE,SAAS,EAAE,4CAA4C,EAAE,IAAI,CAAC,SAAS,CAAC,GAAG,CAAC,CAAC,CAAC;SACnG;QACD,KAAK,CAAC,IAAI,CAAC,MAAM,EAAE,SAAS,EAAE,YAAY,EAAE,kBAAkB,CAAC,CAAC;IAClE,CAAC;IAED,SAAS,IAAI,IAAI;QACf,KAAK,CAAC,IAAI,CAAC,MAAM,EAAE,SAAS,EAAE,YAAY,EAAE,mBAAmB,CAAC,CAAC;IACnE,CAAC;IAED,mBAAmB,CAAC,WAAW,EAAE,MAAM,CAAC,WAAW,GAAG,IAAI;QACxD,yDAAyD;QACzD,KAAK,CAAC,IAAI,CAAC,MAAM,EAAE,SAAS,EAAE,YAAY,EAAE,6BAA6B,CAAC,CAAC;QAE3E,WAAW,CAAC,WAAW,CAAC,iBAAiB,EAAE,CAAC,GAAG,EAAE,IAAI,EAAE,EAAE;YACvD,IAAI,GAAG,CAAC,IAAI,EAAE;gBACZ,KAAK,CAAC,KAAK,CAAC,MAAM,EAAE,SAAS,EAAE,+CAA+C,EAAE,IAAI,CAAC,SAAS,CAAC,GAAG,CAAC,CAAC,CAAC;gBACrG,OAAO;aACR;YACD,KAAK,CAAC,IAAI,CAAC,MAAM,EAAE,SAAS,EAAE,mCAAmC,CAAC,CAAC;QACrE,CAAC,CAAC,CAAC;IACL,CAAC;IAED,oBAAoB,IAAI,IAAI;QAC1B,yDAAyD;QACzD,KAAK,CAAC,IAAI,CAAC,MAAM,EAAE,SAAS,EAAE,YAAY,EAAE,8BAA8B,CAAC,CAAC;IAC9E,CAAC;IAED,YAAY,IAAI,IAAI;QAClB,oCAAoC;QACpC,KAAK,CAAC,IAAI,CAAC,MAAM,EAAE,SAAS,EAAE,YAAY,EAAE,sBAAsB,CAAC,CAAC;IACtE,CAAC;IAED,YAAY,IAAI,IAAI;QAClB,iCAAiC;QACjC,KAAK,CAAC,IAAI,CAAC,MAAM,EAAE,SAAS,EAAE,YAAY,EAAE,sBAAsB,CAAC,CAAC;IACtE,CAAC;CACF","entry-package-info":"entry|1.0.0"}}
{"key": "entry|entry|1.0.0|src/main/ets/entrybackupability/EntryBackupAbility.ts", "val": {"version":3,"file":"EntryBackupAbility.ets","sourceRoot":"","sources":["entry/src/main/ets/entrybackupability/EntryBackupAbility.ets"],"names":[],"mappings":"OAAS,KAAK;OACL,sBAAsB;cAAE,aAAa,IAAb,aAAa;AAE9C,MAAM,MAAM,GAAG,MAAM,CAAC;AAEtB,MAAM,CAAC,OAAO,OAAO,kBAAmB,SAAQ,sBAAsB;IACpE,KAAK,CAAC,QAAQ;QACZ,KAAK,CAAC,IAAI,CAAC,MAAM,EAAE,SAAS,EAAE,aAAa,CAAC,CAAC;QAC7C,MAAM,OAAO,CAAC,OAAO,EAAE,CAAC;IAC1B,CAAC;IAED,KAAK,CAAC,SAAS,CAAC,aAAa,EAAE,aAAa;QAC1C,KAAK,CAAC,IAAI,CAAC,MAAM,EAAE,SAAS,EAAE,yBAAyB,EAAE,IAAI,CAAC,SAAS,CAAC,aAAa,CAAC,CAAC,CAAC;QACxF,MAAM,OAAO,CAAC,OAAO,EAAE,CAAC;IAC1B,CAAC;CACF","entry-package-info":"entry|1.0.0"}}
{"key": "entry|entry|1.0.0|src/main/ets/pages/AddPage.ts", "val": {"version":3,"file":"AddPage.ets","sourceRoot":"","sources":["entry/src/main/ets/pages/AddPage.ets"],"names":[],"mappings":";;;;IAmBE,OAAO,GAAE,MAAM,CAAC,gBAAgB;IACzB,KAAK,GAAE,MAAM;IACb,IAAI,GAAE,MAAM;IACZ,KAAK,GAAE,MAAM;IACb,MAAM,GAAE,MAAM;;OAtBhB,MAAM;OACN,YAAY;OACZ,eAAe;YACb,MAAM;AAEf,UAAU,QAAQ;IAChB,EAAE,EAAE,MAAM,CAAA;IACV,KAAK,EAAE,MAAM,CAAA;IACb,IAAI,EAAE,MAAM,CAAA;IACZ,KAAK,EAAE,MAAM,CAAA;IACb,IAAI,EAAE,MAAM,CAAA;IACZ,MAAM,CAAC,EAAE,MAAM,CAAA;IACf,QAAQ,CAAC,EAAE,MAAM,EAAE,CAAA;CACpB;MAIM,OAAO;IAFd;;;;;uBAGqC,UAAU,CAAC,IAAI,CAAC,IAAI,MAAM,CAAC,gBAAgB;oDACvD,EAAE;mDACH,EAAE;oDACD,EAAE;qDACD,EAAE,CAAG,OAAO;;;;KATrC;;;;;;;;;;;;;;;;;;;;;;;;;;;;;;;;;;IAKC,iBAAS,MAAM,CAAC,gBAAgB,CAA8C;IAC9E,0CAAc,MAAM,EAAK;QAAlB,KAAK;;;QAAL,KAAK,WAAE,MAAM;;;IACpB,yCAAa,MAAM,EAAK;QAAjB,IAAI;;;QAAJ,IAAI,WAAE,MAAM;;;IACnB,0CAAc,MAAM,EAAK;QAAlB,KAAK;;;QAAL,KAAK,WAAE,MAAM;;;IACpB,2CAAe,MAAM,EAAK,CAAG,OAAO;QAA7B,MAAM;;;QAAN,MAAM,WAAE,MAAM;;;IAErB,KAAK,CAAC,IAAI;QACR,IAAI,CAAC,IAAI,CAAC,KAAK,IAAI,CAAC,IAAI,CAAC,KAAK,EAAE;YAC9B,YAAY,CAAC,SAAS,CAAC,EAAE,OAAO,EAAE,YAAY,EAAE,QAAQ,EAAE,IAAI,EAAE,CAAC,CAAC;YAAC,OAAM;SAC1E;QACD,MAAM,IAAI,GAAG,MAAM,eAAe,CAAC,cAAc,CAAC,IAAI,CAAC,OAAO,EAAE,MAAM,CAAC,CAAA;QACvE,MAAM,GAAG,GAAG,MAAM,IAAI,CAAC,GAAG,CAAC,MAAM,EAAE,IAAI,CAAC,IAAI,MAAM,CAAA;QAClD,MAAM,GAAG,EAAE,QAAQ,EAAE,GAAG,IAAI,CAAC,KAAK,CAAC,GAAG,CAAC,CAAA;QACvC,GAAG,CAAC,IAAI,CAAC;YACP,EAAE,EAAE,IAAI,CAAC,GAAG,EAAE,CAAC,QAAQ,EAAE;YACzB,KAAK,EAAE,IAAI,CAAC,KAAK;YACjB,IAAI,EAAE,IAAI,CAAC,IAAI;YACf,KAAK,EAAE,IAAI,CAAC,KAAK;YACjB,MAAM,EAAE,IAAI,CAAC,MAAM;YACnB,IAAI,EAAE,IAAI,IAAI,EAAE,CAAC,cAAc,EAAE;YACjC,QAAQ,EAAE,EAAE;SACb,CAAC,CAAA;QACF,MAAM,IAAI,CAAC,GAAG,CAAC,MAAM,EAAE,IAAI,CAAC,SAAS,CAAC,GAAG,CAAC,CAAC,CAAA;QAC3C,MAAM,IAAI,CAAC,KAAK,EAAE,CAAA;QAClB,YAAY,CAAC,SAAS,CAAC,EAAE,OAAO,EAAE,OAAO,EAAE,QAAQ,EAAE,IAAI,EAAE,CAAC,CAAA;QAC5D,MAAM,CAAC,IAAI,EAAE,CAAA;IACf,CAAC;IAED;;YACE,MAAM;;YAAN,MAAM,CAgCL,KAAK,CAAC,MAAM;YAhCb,MAAM,CAgCS,MAAM,CAAC,MAAM;YAhC5B,MAAM,CAgCwB,eAAe,CAAC,SAAS;YAhCvD,MAAM,CAgCmD,OAAO,CAAC,EAAE;;;YA/BjE,GAAG;;YAAH,GAAG,CAID,KAAK,CAAC,MAAM;YAJd,GAAG,CAIa,OAAO,CAAC,EAAE;;;YAHxB,IAAI,QAAC,MAAM;;YAAX,IAAI,CAAS,QAAQ,CAAC,EAAE;YAAxB,IAAI,CAAsB,UAAU,CAAC,UAAU,CAAC,IAAI;;QAApD,IAAI;;YACJ,KAAK;;;QAAL,KAAK;;YACL,IAAI,QAAC,IAAI;;YAAT,IAAI,CAAO,QAAQ,CAAC,EAAE;YAAtB,IAAI,CAAoB,SAAS,CAAC,SAAS;YAA3C,IAAI,CAAyC,OAAO,CAAC,GAAG,EAAE,CAAC,IAAI,CAAC,IAAI,EAAE;;QAAtE,IAAI;QAHN,GAAG;;YAMH,MAAM;;YAAN,MAAM,CAoBJ,YAAY,CAAC,CAAC;YApBhB,MAAM,CAoBY,OAAO,CAAC,EAAE,GAAG,EAAE,EAAE,EAAE;;;YAnBnC,MAAM;;YAAN,MAAM,CAiBJ,OAAO,CAAC,EAAE;YAjBZ,MAAM,CAiBQ,KAAK,CAAC,MAAM;YAjB1B,MAAM,CAiBsB,eAAe,CAAC,SAAS;YAjBrD,MAAM,CAkBL,YAAY,CAAC,EAAE;YAlBhB,MAAM,CAkBY,MAAM,CAAC,EAAE,MAAM,EAAE,CAAC,EAAE,KAAK,EAAE,WAAW,EAAE;;;YAjBxD,IAAI,QAAC,MAAM;;YAAX,IAAI,CAAS,QAAQ,CAAC,EAAE;YAAxB,IAAI,CAAsB,SAAS,CAAC,MAAM;;QAA1C,IAAI;;YACJ,SAAS,QAAC,EAAE,WAAW,EAAE,QAAQ,EAAE,IAAI,EAAE,IAAI,CAAC,KAAK,EAAE;;YAArD,SAAS,CACN,QAAQ,CAAC,CAAC,CAAC,EAAE,CAAC,IAAI,CAAC,KAAK,GAAG,CAAC;;;YAE/B,IAAI,QAAC,MAAM;;YAAX,IAAI,CAAS,QAAQ,CAAC,EAAE;YAAxB,IAAI,CAAsB,SAAS,CAAC,MAAM;YAA1C,IAAI,CAAwC,MAAM,CAAC,EAAE,GAAG,EAAE,EAAE,EAAE;;QAA9D,IAAI;;YACJ,SAAS,QAAC,EAAE,WAAW,EAAE,UAAU,EAAE,IAAI,EAAE,IAAI,CAAC,IAAI,EAAE;;YAAtD,SAAS,CACN,QAAQ,CAAC,CAAC,CAAC,EAAE,CAAC,IAAI,CAAC,IAAI,GAAG,CAAC;;;YAE9B,IAAI,QAAC,MAAM;;YAAX,IAAI,CAAS,QAAQ,CAAC,EAAE;YAAxB,IAAI,CAAsB,SAAS,CAAC,MAAM;YAA1C,IAAI,CAAwC,MAAM,CAAC,EAAE,GAAG,EAAE,EAAE,EAAE;;QAA9D,IAAI;;YACJ,SAAS,QAAC,EAAE,WAAW,EAAE,KAAK,EAAE,IAAI,EAAE,IAAI,CAAC,KAAK,EAAE;;YAAlD,SAAS,CACN,IAAI,CAAC,SAAS,CAAC,WAAW;YAD7B,SAAS,CAEN,QAAQ,CAAC,CAAC,CAAC,EAAE,CAAC,IAAI,CAAC,KAAK,GAAG,CAAC;;;YAE/B,IAAI,QAAC,MAAM;;YAAX,IAAI,CAAS,QAAQ,CAAC,EAAE;YAAxB,IAAI,CAAsB,SAAS,CAAC,MAAM;YAA1C,IAAI,CAAwC,MAAM,CAAC,EAAE,GAAG,EAAE,EAAE,EAAE;;QAA9D,IAAI;;YACJ,QAAQ,QAAC,EAAE,WAAW,EAAE,gBAAgB,EAAE,IAAI,EAAE,IAAI,CAAC,MAAM,EAAE;;YAA7D,QAAQ,CACL,MAAM,CAAC,GAAG;YADb,QAAQ,CACO,QAAQ,CAAC,CAAC,CAAC,EAAE,CAAC,IAAI,CAAC,MAAM,GAAG,CAAC;;QAhB9C,MAAM;QADR,MAAM;;YAsBN,MAAM,iBAAC,MAAM;;YAAb,MAAM,CAAS,KAAK,CAAC,KAAK;YAA1B,MAAM,CAAsB,MAAM,CAAC,EAAE,MAAM,EAAE,EAAE,EAAE;YAAjD,MAAM,CACH,OAAO,CAAC,GAAG,EAAE,CAAC,IAAI,CAAC,IAAI,EAAE;;QAD5B,MAAM;QA7BR,MAAM;KAiCP","entry-package-info":"entry|1.0.0"}}
{"key": "entry|entry|1.0.0|src/main/ets/pages/DetailPage.ts", "val": {"version":3,"file":"DetailPage.ets","sourceRoot":"","sources":["entry/src/main/ets/pages/DetailPage.ets"],"names":[],"mappings":";;;;IAmBU,OAAO,GAAE,MAAM,CAAC,gBAAgB;IAEjC,IAAI,GAAE,QAAQ;IACd,OAAO,GAAE,MAAM;IACf,QAAQ,GAAE,MAAM,EAAE;;OAtBpB,MAAM;OACN,YAAY;OACZ,eAAe;YACb,MAAM;AAEf,UAAU,QAAQ;IAChB,EAAE,EAAE,MAAM,CAAA;IACV,KAAK,EAAE,MAAM,CAAA;IACb,IAAI,EAAE,MAAM,CAAA;IACZ,KAAK,EAAE,MAAM,CAAA;IACb,IAAI,EAAE,MAAM,CAAA;IACZ,MAAM,CAAC,EAAE,MAAM,CAAA;IACf,QAAQ,CAAC,EAAE,MAAM,EAAE,CAAA;CACpB;MAIM,UAAU;IAFjB;;;;;uBAG6C,UAAU,CAAC,IAAI,CAAC,IAAI,MAAM,CAAC,gBAAgB;mDAE9D,IAAI,CAAC,KAAK,CAAC,CAAC,MAAM,CAAC,SAAS,EAAE,IAAI,MAAM,CAAC,MAAM,EAAE,MAAM,CAAC,CAAC,EAAE,IAAI,IAAI,IAAI,CAAC,IAAI,QAAQ;sDACnF,EAAE;uDACC,IAAI,CAAC,IAAI,CAAC,QAAQ,IAAI,EAAE;QAEpD,OAAO;;;;KAXR;;;;;;;;;;;;;;;;;;;;;;;;;;;;;IAKC,OAAO,UAAU,MAAM,CAAC,gBAAgB,CAA8C;IACtF,wBAAwB;IACxB,yCAAa,QAAQ,EAAuF;QAArG,IAAI;;;QAAJ,IAAI,WAAE,QAAQ;;;IACrB,4CAAgB,MAAM,EAAK;QAApB,OAAO;;;QAAP,OAAO,WAAE,MAAM;;;IACtB,6CAAiB,MAAM,EAAE,EAA2B;QAA7C,QAAQ;;;QAAR,QAAQ,WAAE,MAAM,EAAE;;;IAEzB,OAAO;IACP,OAAO,CAAC,KAAK,CAAC,WAAW;QACvB,IAAI,CAAC,IAAI,CAAC,OAAO,CAAC,IAAI,EAAE;YAAE,OAAM;QAChC,IAAI,CAAC,QAAQ,CAAC,IAAI,CAAC,IAAI,CAAC,OAAO,CAAC,IAAI,EAAE,CAAC,CAAA;QACvC,IAAI,CAAC,IAAI,CAAC,QAAQ,GAAG,IAAI,CAAC,QAAQ,CAAA;QAElC,0BAA0B;QAC1B,MAAM,IAAI,GAAG,MAAM,eAAe,CAAC,cAAc,CAAC,IAAI,CAAC,OAAO,EAAE,MAAM,CAAC,CAAA;QACvE,MAAM,GAAG,GAAG,MAAM,IAAI,CAAC,GAAG,CAAC,MAAM,EAAE,IAAI,CAAC,IAAI,MAAM,CAAA;QAClD,MAAM,GAAG,EAAE,QAAQ,EAAE,GAAG,IAAI,CAAC,KAAK,CAAC,GAAG,CAAC,CAAA;QACvC,MAAM,GAAG,GAAG,GAAG,CAAC,SAAS,CAAC,CAAC,CAAC,EAAE,CAAC,CAAC,CAAC,EAAE,KAAK,IAAI,CAAC,IAAI,CAAC,EAAE,CAAC,CAAA;QACrD,IAAI,GAAG,IAAI,CAAC;YAAE,GAAG,CAAC,GAAG,CAAC,GAAG,IAAI,CAAC,IAAI,CAAA;QAClC,MAAM,IAAI,CAAC,GAAG,CAAC,MAAM,EAAE,IAAI,CAAC,SAAS,CAAC,GAAG,CAAC,CAAC,CAAA;QAC3C,MAAM,IAAI,CAAC,KAAK,EAAE,CAAA,CAAU,SAAS;QACrC,IAAI,CAAC,OAAO,GAAG,EAAE,CAAA;QACjB,YAAY,CAAC,SAAS,CAAC,EAAE,OAAO,EAAE,OAAO,EAAE,QAAQ,EAAE,IAAI,EAAE,CAAC,CAAA;IAC9D,CAAC;IAED,OAAO;IACP,OAAO,CAAC,KAAK,CAAC,UAAU;QACtB,MAAM,IAAI,GAAG,MAAM,eAAe,CAAC,cAAc,CAAC,IAAI,CAAC,OAAO,EAAE,MAAM,CAAC,CAAA;QACvE,MAAM,GAAG,GAAG,MAAM,IAAI,CAAC,GAAG,CAAC,MAAM,EAAE,IAAI,CAAC,IAAI,MAAM,CAAA;QAClD,IAAI,GAAG,EAAE,QAAQ,EAAE,GAAG,IAAI,CAAC,KAAK,CAAC,GAAG,CAAC,CAAA;QACrC,GAAG,GAAG,GAAG,CAAC,MAAM,CAAC,CAAC,CAAC,EAAE,CAAC,CAAC,CAAC,EAAE,KAAK,IAAI,CAAC,IAAI,CAAC,EAAE,CAAC,CAAA;QAC5C,MAAM,IAAI,CAAC,GAAG,CAAC,MAAM,EAAE,IAAI,CAAC,SAAS,CAAC,GAAG,CAAC,CAAC,CAAA;QAC3C,MAAM,IAAI,CAAC,KAAK,EAAE,CAAA;QAClB,YAAY,CAAC,SAAS,CAAC,EAAE,OAAO,EAAE,KAAK,EAAE,QAAQ,EAAE,IAAI,EAAE,CAAC,CAAA;QAC1D,MAAM,CAAC,IAAI,EAAE,CAAA;IACf,CAAC;IAED,QAAQ;IACR,WAAW,IAAI,OAAO;QACpB,MAAM,CAAC,IAAI,EAAE,CAAA;QACb,OAAO,IAAI,CAAA;IACb,CAAC;IAED;;YACE,MAAM;;YAAN,MAAM,CAoDL,KAAK,CAAC,MAAM;YApDb,MAAM,CAoDS,MAAM,CAAC,MAAM;YApD5B,MAAM,CAoDwB,eAAe,CAAC,SAAS;YApDvD,MAAM,CAoDmD,OAAO,CAAC,EAAE;;;YAnDjE,UAAU;YACV,GAAG;;YADH,UAAU;YACV,GAAG,CAOD,KAAK,CAAC,MAAM;YARd,UAAU;YACV,GAAG,CAOa,OAAO,CAAC,EAAE;;;YANxB,2DAA2D;YAC3D,IAAI,QAAC,MAAM;;YADX,2DAA2D;YAC3D,IAAI,CAAS,QAAQ,CAAC,EAAE;YADxB,2DAA2D;YAC3D,IAAI,CAAsB,SAAS,CAAC,SAAS;YAD7C,2DAA2D;YAC3D,IAAI,CACD,OAAO,CAAC,GAAG,EAAE,CAAC,MAAM,CAAC,IAAI,EAAE;;QAF9B,2DAA2D;QAC3D,IAAI;;YAEJ,IAAI,QAAC,IAAI;;YAAT,IAAI,CAAO,QAAQ,CAAC,EAAE;YAAtB,IAAI,CAAoB,UAAU,CAAC,UAAU,CAAC,MAAM;YAApD,IAAI,CAAkD,MAAM,CAAC,EAAE,IAAI,EAAE,EAAE,EAAE;;QAAzE,IAAI;;YACJ,KAAK;;;QAAL,KAAK;;YACL,IAAI,QAAC,IAAI;;YAAT,IAAI,CAAO,SAAS,CAAC,SAAS;YAA9B,IAAI,CAA4B,OAAO,CAAC,GAAG,EAAE,CAAC,IAAI,CAAC,UAAU,EAAE;;QAA/D,IAAI;QAPN,UAAU;QACV,GAAG;;YASH,MAAM;;YAAN,MAAM,CAuCL,YAAY,CAAC,CAAC;YAvCf,MAAM,CAuCW,OAAO,CAAC,EAAE,GAAG,EAAE,EAAE,EAAE;;;YAtClC,MAAM;;YAAN,MAAM,CAmCL,OAAO,CAAC,EAAE;YAnCX,MAAM,CAmCO,KAAK,CAAC,MAAM;YAnCzB,MAAM,CAmCqB,eAAe,CAAC,SAAS;YAnCpD,MAAM,CAoCL,YAAY,CAAC,EAAE;YApChB,MAAM,CAoCY,MAAM,CAAC,EAAE,MAAM,EAAE,CAAC,EAAE,KAAK,EAAE,WAAW,EAAE;;;YAnCxD,IAAI,QAAC,IAAI,CAAC,IAAI,CAAC,KAAK;;YAApB,IAAI,CAAkB,QAAQ,CAAC,EAAE;YAAjC,IAAI,CAA+B,UAAU,CAAC,UAAU,CAAC,MAAM;;QAA/D,IAAI;;YACJ,IAAI,QAAC,MAAM,IAAI,CAAC,IAAI,CAAC,IAAI,EAAE;;YAA3B,IAAI,CAAyB,QAAQ,CAAC,EAAE;YAAxC,IAAI,CAAsC,SAAS,CAAC,MAAM;YAA1D,IAAI,CAAwD,MAAM,CAAC,EAAE,GAAG,EAAE,CAAC,EAAE;;QAA7E,IAAI;;YACJ,IAAI,QAAC,QAAQ,IAAI,CAAC,IAAI,CAAC,KAAK,EAAE;;YAA9B,IAAI,CAA4B,QAAQ,CAAC,EAAE;YAA3C,IAAI,CAAyC,SAAS,CAAC,MAAM;YAA7D,IAAI,CAA2D,MAAM,CAAC,EAAE,GAAG,EAAE,CAAC,EAAE;;QAAhF,IAAI;;YACJ,IAAI,QAAC,KAAK;;YAAV,IAAI,CAAQ,QAAQ,CAAC,EAAE;YAAvB,IAAI,CAAqB,SAAS,CAAC,MAAM;YAAzC,IAAI,CAAuC,MAAM,CAAC,EAAE,GAAG,EAAE,EAAE,EAAE;;QAA7D,IAAI;;YACJ,IAAI,QAAC,IAAI,CAAC,IAAI,CAAC,IAAI;;YAAnB,IAAI,CAAiB,QAAQ,CAAC,EAAE;YAAhC,IAAI,CAA8B,SAAS,CAAC,MAAM;;QAAlD,IAAI;;;YACJ,IAAI,IAAI,CAAC,IAAI,CAAC,MAAM,EAAE;;;wBACpB,IAAI,QAAC,OAAO;;wBAAZ,IAAI,CAAU,QAAQ,CAAC,EAAE;wBAAzB,IAAI,CAAuB,SAAS,CAAC,MAAM;wBAA3C,IAAI,CAAyC,MAAM,CAAC,EAAE,GAAG,EAAE,EAAE,EAAE;;oBAA/D,IAAI;;wBACJ,IAAI,QAAC,IAAI,CAAC,IAAI,CAAC,MAAM;;wBAArB,IAAI,CAAmB,QAAQ,CAAC,EAAE;wBAAlC,IAAI,CAAgC,SAAS,CAAC,MAAM;;oBAApD,IAAI;;aACL;YAED,OAAO;;;;aAFN;;;;YAED,OAAO;YACP,IAAI,QAAC,MAAM,IAAI,CAAC,QAAQ,CAAC,MAAM,GAAG;;YADlC,OAAO;YACP,IAAI,CAAgC,QAAQ,CAAC,EAAE;YAD/C,OAAO;YACP,IAAI,CAA6C,UAAU,CAAC,UAAU,CAAC,MAAM;YAD7E,OAAO;YACP,IAAI,CAA2E,MAAM,CAAC,EAAE,GAAG,EAAE,EAAE,EAAE;;QADjG,OAAO;QACP,IAAI;;;YACJ,IAAI,IAAI,CAAC,QAAQ,CAAC,MAAM,KAAK,CAAC,EAAE;;;wBAC9B,IAAI,QAAC,MAAM;;wBAAX,IAAI,CAAS,QAAQ,CAAC,EAAE;wBAAxB,IAAI,CAAsB,SAAS,CAAC,MAAM;wBAA1C,IAAI,CAAwC,MAAM,CAAC,EAAE,GAAG,EAAE,CAAC,EAAE;;oBAA7D,IAAI;;aACL;iBAAM;;;wBACL,OAAO;;;;gCACL,GAAG;;gCAAH,GAAG,CAOD,MAAM,CAAC,EAAE,GAAG,EAAE,CAAC,EAAE;;;gCANjB,wCAAwC;gCACxC,MAAM;;gCADN,wCAAwC;gCACxC,MAAM,CACH,KAAK,CAAC,CAAC;gCAFV,wCAAwC;gCACxC,MAAM,CAEH,MAAM,CAAC,CAAC;gCAHX,wCAAwC;gCACxC,MAAM,CAGH,IAAI,CAAC,SAAS;;;gCACjB,IAAI,QAAC,CAAC;;gCAAN,IAAI,CAAI,QAAQ,CAAC,EAAE;gCAAnB,IAAI,CAAiB,SAAS,CAAC,MAAM;gCAArC,IAAI,CAAmC,MAAM,CAAC,EAAE,IAAI,EAAE,CAAC,EAAE;;4BAAzD,IAAI;4BANN,GAAG;;2DADG,IAAI,CAAC,QAAQ,0BASlB,CAAC,CAAC,EAAE,MAAM,EAAE,EAAE,CAAC,CAAC;;oBATnB,OAAO;;aAUR;;;;YAED,MAAM;YACN,QAAQ,QAAC,EAAE,WAAW,EAAE,SAAS,EAAE,IAAI,EAAE,IAAI,CAAC,OAAO,EAAE;;YADvD,MAAM;YACN,QAAQ,CACL,MAAM,CAAC,EAAE;YAFZ,MAAM;YACN,QAAQ,CACM,MAAM,CAAC,EAAE,GAAG,EAAE,EAAE,EAAE;YAFhC,MAAM;YACN,QAAQ,CAEL,QAAQ,CAAC,CAAC,CAAC,EAAE,CAAC,IAAI,CAAC,OAAO,GAAG,CAAC;;;YACjC,MAAM,iBAAC,MAAM;;YAAb,MAAM,CAAS,KAAK,CAAC,MAAM;YAA3B,MAAM,CAAuB,MAAM,CAAC,EAAE,GAAG,EAAE,EAAE,EAAE;YAA/C,MAAM,CACH,OAAO,CAAC,GAAG,EAAE,CAAC,IAAI,CAAC,WAAW,EAAE;;QADnC,MAAM;QAhCR,MAAM;QADR,MAAM;QAXR,MAAM;KAqDP","entry-package-info":"entry|1.0.0"}}
{"key": "entry|entry|1.0.0|src/main/ets/pages/Index.ts", "val": {"version":3,"file":"Index.ets","sourceRoot":"","sources":["entry/src/main/ets/pages/Index.ets"],"names":[],"mappings":";;;;IAoBS,IAAI,GAAE,QAAQ,EAAE;IAChB,YAAY,GAAE,OAAO;IACrB,QAAQ,GAAE,MAAM;IAChB,SAAS,GAAE,MAAM;IAEhB,OAAO,GAAE,MAAM,CAAC,gBAAgB;IAChC,IAAI,GAAE,eAAe,CAAC,WAAW,GAAG,IAAI;;OAzB3C,MAAM;OACN,YAAY;OACZ,eAAe;OACf,MAAM;YACJ,MAAM;AAEf,UAAU,QAAQ;IAChB,EAAE,EAAE,MAAM,CAAA;IACV,KAAK,EAAE,MAAM,CAAA;IACb,IAAI,EAAE,MAAM,CAAA;IACZ,KAAK,EAAE,MAAM,CAAA;IACb,IAAI,EAAE,MAAM,CAAA;IACZ,MAAM,CAAC,EAAE,MAAM,CAAA;IACf,QAAQ,CAAC,EAAE,MAAM,EAAE,CAAA;CACpB;MAIM,KAAK;IAFZ;;;;;mDAG4B,EAAE;2DACG,KAAK;uDACV,EAAE;wDACD,EAAE;uBAEc,UAAU,CAAC,IAAI,CAAC,IAAI,MAAM,CAAC,gBAAgB;oBACnC,IAAI;;;KAXxD;;;;;;;;;;;;;;;;;;;;;;;;;;;;;;;;;;;;;IAKC,yCAAa,QAAQ,EAAE,EAAK;QAArB,IAAI;;;QAAJ,IAAI,WAAE,QAAQ,EAAE;;;IACvB,iDAAqB,OAAO,EAAQ;QAA7B,YAAY;;;QAAZ,YAAY,WAAE,OAAO;;;IAC5B,6CAAiB,MAAM,EAAK;QAArB,QAAQ;;;QAAR,QAAQ,WAAE,MAAM;;;IACvB,8CAAkB,MAAM,EAAK;QAAtB,SAAS;;;QAAT,SAAS,WAAE,MAAM;;;IAExB,OAAO,UAAU,MAAM,CAAC,gBAAgB,CAA8C;IACtF,OAAO,OAAO,eAAe,CAAC,WAAW,GAAG,IAAI,CAAO;IAEvD,KAAK,CAAC,aAAa;QACjB,IAAI,CAAC,IAAI,GAAG,MAAM,eAAe,CAAC,cAAc,CAAC,IAAI,CAAC,OAAO,EAAE,MAAM,CAAC,CAAA;QACtE,MAAM,QAAQ,GAAG,MAAM,eAAe,CAAC,cAAc,CAAC,IAAI,CAAC,OAAO,EAAE,MAAM,CAAC,CAAA;QAC3E,IAAI,CAAC,QAAQ,GAAG,MAAM,QAAQ,CAAC,GAAG,CAAC,SAAS,EAAE,IAAI,CAAC,IAAI,MAAM,CAAA;QAC7D,IAAI,CAAC,SAAS,GAAG,MAAM,QAAQ,CAAC,GAAG,CAAC,QAAQ,EAAE,EAAE,CAAC,IAAI,MAAM,CAAA;QAC3D,MAAM,IAAI,CAAC,QAAQ,EAAE,CAAA;IACvB,CAAC;IAED,OAAO,CAAC,KAAK,CAAC,QAAQ;QACpB,IAAI,CAAC,IAAI,CAAC,IAAI;YAAE,OAAM;QACtB,MAAM,GAAG,GAAG,MAAM,IAAI,CAAC,IAAI,CAAC,GAAG,CAAC,MAAM,EAAE,IAAI,CAAC,IAAI,MAAM,CAAA;QACvD,IAAI,CAAC,IAAI,GAAG,IAAI,CAAC,KAAK,CAAC,GAAG,CAAC,CAAA;IAC7B,CAAC;IAED,KAAK,CAAC,IAAI;QACR,IAAI,CAAC,IAAI,CAAC,IAAI;YAAE,OAAM;QACtB,MAAM,IAAI,CAAC,IAAI,CAAC,GAAG,CAAC,MAAM,EAAE,IAAI,CAAC,SAAS,CAAC,IAAI,CAAC,IAAI,CAAC,CAAC,CAAA;QACtD,MAAM,IAAI,CAAC,IAAI,CAAC,KAAK,EAAE,CAAA;QACvB,YAAY,CAAC,SAAS,CAAC,EAAE,OAAO,EAAE,MAAM,EAAE,QAAQ,EAAE,IAAI,EAAE,CAAC,CAAA;IAC7D,CAAC;IAED,WAAW;IACX,KAAK,CAAC,UAAU;QACd,IAAI;YACF,MAAM,WAAW,GAAG,IAAI,MAAM,CAAC,eAAe,EAAE,CAAA;YAChD,MAAM,GAAG,GAAG,MAAM,WAAW,CAAC,MAAM,CAAC;gBACnC,QAAQ,EAAE,MAAM,CAAC,kBAAkB,CAAC,UAAU;gBAC9C,eAAe,EAAE,CAAC;aACnB,CAAC,CAAA;YACF,IAAI,GAAG,CAAC,SAAS,IAAI,GAAG,CAAC,SAAS,CAAC,MAAM,GAAG,CAAC,EAAE;gBAC7C,IAAI,CAAC,SAAS,GAAG,GAAG,CAAC,SAAS,CAAC,CAAC,CAAC,CAAA;gBACjC,MAAM,QAAQ,GAAG,MAAM,eAAe,CAAC,cAAc,CAAC,IAAI,CAAC,OAAO,EAAE,MAAM,CAAC,CAAA;gBAC3E,MAAM,QAAQ,CAAC,GAAG,CAAC,QAAQ,EAAE,IAAI,CAAC,SAAS,CAAC,CAAA;gBAC5C,MAAM,QAAQ,CAAC,KAAK,EAAE,CAAA;gBACtB,YAAY,CAAC,SAAS,CAAC,EAAE,OAAO,EAAE,OAAO,EAAE,CAAC,CAAA;aAC7C;SACF;QAAC,OAAO,CAAC,EAAE;YACV,YAAY,CAAC,SAAS,CAAC,EAAE,OAAO,EAAE,MAAM,EAAE,CAAC,CAAA;SAC5C;IACH,CAAC;IAED,WAAW,IAAI,OAAO;QACpB,MAAM,CAAC,UAAU,CAAC,EAAE,GAAG,EAAE,iBAAiB,EAAE,CAAC,CAAA;QAC7C,OAAO,IAAI,CAAA;IACb,CAAC;IAGD,QAAQ,CAAC,IAAI,EAAE,QAAQ;;YACrB,GAAG;;YAAH,GAAG,CAeF,KAAK,CAAC,MAAM;YAfb,GAAG,CAgBF,OAAO,CAAC,EAAE;YAhBX,GAAG,CAiBF,eAAe,CAAC,SAAS;YAjB1B,GAAG,CAkBF,YAAY,CAAC,EAAE;YAlBhB,GAAG,CAmBF,MAAM,CAAC,EAAE,MAAM,EAAE,CAAC,EAAE,KAAK,EAAE,WAAW,EAAE;YAnBzC,GAAG,CAoBF,OAAO,CAAC,GAAG,EAAE;gBACZ,MAAM,CAAC,OAAO,CAAC,EAAE,GAAG,EAAE,kBAAkB,EAAE,MAAM,EAAE,EAAE,IAAI,EAAE,IAAI,CAAC,SAAS,CAAC,IAAI,CAAC,EAAE,EAAE,CAAC,CAAA;YACrF,CAAC;;;YArBC,MAAM;;YAAN,MAAM,CAKJ,UAAU,CAAC,eAAe,CAAC,KAAK;YALlC,MAAM,CAK8B,YAAY,CAAC,CAAC;;;YAJhD,IAAI,QAAC,IAAI,CAAC,KAAK;;YAAf,IAAI,CAAa,QAAQ,CAAC,EAAE;YAA5B,IAAI,CAA0B,UAAU,CAAC,UAAU,CAAC,MAAM;;QAA1D,IAAI;;YACJ,IAAI,QAAC,IAAI,CAAC,IAAI;;YAAd,IAAI,CAAY,QAAQ,CAAC,EAAE;YAA3B,IAAI,CAAyB,SAAS,CAAC,MAAM;YAA7C,IAAI,CAA2C,QAAQ,CAAC,CAAC;;QAAzD,IAAI;;YACJ,IAAI,QAAC,QAAQ,IAAI,CAAC,KAAK,QAAQ,IAAI,CAAC,IAAI,EAAE;;YAA1C,IAAI,CACD,QAAQ,CAAC,EAAE;YADd,IAAI,CACY,SAAS,CAAC,MAAM;YADhC,IAAI,CAC8B,MAAM,CAAC,EAAE,GAAG,EAAE,CAAC,EAAE;;QADnD,IAAI;QAHN,MAAM;;YAON,KAAK;;YAAL,KAAK,CACF,KAAK,CAAC,EAAE;YADX,KAAK,CACQ,MAAM,CAAC,EAAE;YADtB,KAAK,CAEF,OAAO,CAAC,KAAK,IAAI,EAAE;gBAClB,IAAI,CAAC,IAAI,GAAG,IAAI,CAAC,IAAI,CAAC,MAAM,CAAC,CAAC,CAAC,EAAE,CAAC,CAAC,CAAC,EAAE,KAAK,IAAI,CAAC,EAAE,CAAC,CAAA;gBACnD,MAAM,IAAI,CAAC,IAAI,EAAE,CAAA;YACnB,CAAC;;QAbL,GAAG;KAuBJ;IAGD,OAAO;;YACL,KAAK;;;QAAL,KAAK;;YACL,MAAM;;;;YACJ,KAAK;;YAAL,KAAK,CAAwB,KAAK,CAAC,GAAG;YAAtC,KAAK,CAAmC,MAAM,CAAC,GAAG;;;YAClD,IAAI,QAAC,gBAAgB;;YAArB,IAAI,CAAmB,QAAQ,CAAC,EAAE;YAAlC,IAAI,CAAgC,SAAS,CAAC,MAAM;;QAApD,IAAI;QAFN,MAAM;KAIP;IAED;;YACE,MAAM;;YAAN,MAAM,CAkDL,KAAK,CAAC,MAAM;YAlDb,MAAM,CAkDS,MAAM,CAAC,MAAM;YAlD5B,MAAM,CAkDwB,eAAe,CAAC,SAAS;;;YAjDrD,aAAa;YACb,KAAK;;YADL,aAAa;YACb,KAAK,CAeH,MAAM,CAAC,GAAG;;;YAdV,KAAK;;YAAL,KAAK,CAA0B,KAAK,CAAC,MAAM;YAA3C,KAAK,CAAwC,MAAM,CAAC,GAAG;YAAvD,KAAK,CAAoD,SAAS,CAAC,QAAQ,CAAC,KAAK;;;YACjF,GAAG;;YAAH,GAAG,CAOD,UAAU,CAAC,aAAa,CAAC,MAAM;YAPjC,GAAG,CAOgC,MAAM,CAAC,EAAE,GAAG,EAAE,EAAE,EAAE,IAAI,EAAE,EAAE,EAAE;;;YAN7D,KAAK,QAAC,IAAI,CAAC,SAAS,CAAC,CAAC,CAAC,IAAI,CAAC,SAAS,CAAC,CAAC,4GAAuB;;YAA9D,KAAK,CACF,KAAK,CAAC,EAAE;YADX,KAAK,CACQ,MAAM,CAAC,EAAE;YADtB,KAAK,CACmB,YAAY,CAAC,EAAE;YADvC,KAAK,CACoC,OAAO,CAAC,GAAG,EAAE,CAAC,IAAI,CAAC,UAAU,EAAE;;;YACxE,MAAM;;YAAN,MAAM,CAGJ,UAAU,CAAC,eAAe,CAAC,KAAK;YAHlC,MAAM,CAG8B,MAAM,CAAC,EAAE,IAAI,EAAE,EAAE,EAAE;;;YAFrD,IAAI,QAAC,MAAM,IAAI,CAAC,QAAQ,EAAE;;YAA1B,IAAI,CAAwB,QAAQ,CAAC,EAAE;YAAvC,IAAI,CAAqC,SAAS,CAAC,MAAM;;QAAzD,IAAI;;YACJ,IAAI,QAAC,QAAQ;;YAAb,IAAI,CAAW,QAAQ,CAAC,EAAE;YAA1B,IAAI,CAAwB,SAAS,CAAC,MAAM;;QAA5C,IAAI;QAFN,MAAM;QAHR,GAAG;;YASH,IAAI,QAAC,MAAM;;YAAX,IAAI,CAAS,QAAQ,CAAC,EAAE;YAAxB,IAAI,CAAsB,SAAS,CAAC,MAAM;YAA1C,IAAI,CACD,QAAQ,CAAC,EAAE,CAAC,EAAE,EAAE,EAAE,CAAC,EAAE,EAAE,EAAE;YAD5B,IAAI,CAC0B,OAAO,CAAC,GAAG,EAAE;gBACzC,MAAM,CAAC,UAAU,CAAC,EAAE,GAAG,EAAE,iBAAiB,EAAE,CAAC,CAAA;YAC/C,CAAC;;QAHD,IAAI;QAZN,aAAa;QACb,KAAK;;YAiBL,yCAAyC;YACzC,OAAO,QAAC,EAAE,UAAU,EAAE,IAAI,CAAC,YAAY,EAAE;;YADzC,yCAAyC;YACzC,OAAO,CAaN,YAAY,CAAC,KAAK,IAAI,EAAE;gBACvB,IAAI,CAAC,YAAY,GAAG,IAAI,CAAA;gBACxB,MAAM,IAAI,CAAC,QAAQ,EAAE,CAAA;gBACrB,IAAI,CAAC,YAAY,GAAG,KAAK,CAAA;gBACzB,YAAY,CAAC,SAAS,CAAC,EAAE,OAAO,EAAE,KAAK,EAAE,CAAC,CAAA;YAC5C,CAAC;YAnBD,yCAAyC;YACzC,OAAO,CAmBN,YAAY,CAAC,CAAC;YApBf,yCAAyC;YACzC,OAAO,CAoBN,eAAe,CAAC,SAAS;;;YAnBxB,MAAM;;;;;YACJ,IAAI,IAAI,CAAC,IAAI,CAAC,MAAM,KAAK,CAAC,EAAE;;oBAC1B,IAAI,CAAC,OAAO,aAAE;;aACf;iBAAM;;;wBACL,IAAI,QAAC,EAAE,KAAK,EAAE,EAAE,EAAE;;wBAAlB,IAAI,CAIF,OAAO,CAAC,EAAE,IAAI,EAAE,EAAE,EAAE,KAAK,EAAE,EAAE,EAAE;;;wBAH/B,OAAO;;;;;;;;wCACL,QAAQ;;;;;;;;;;oCAAK,IAAI,CAAC,QAAQ,YAAC,IAAI,CAAC;oCAAhC,QAAQ;;;gCAAR,QAAQ;;;2DADF,IAAI,CAAC,IAAI,0BAEd,CAAC,IAAI,EAAE,QAAQ,EAAE,EAAE,CAAC,IAAI,CAAC,EAAE;;oBAF9B,OAAO;oBADT,IAAI;;aAKL;;;QATH,MAAM;QAFR,yCAAyC;QACzC,OAAO;;YAsBP,OAAO;YACP,GAAG;;YADH,OAAO;YACP,GAAG,CAGF,KAAK,CAAC,EAAE;YAJT,OAAO;YACP,GAAG,CAGQ,MAAM,CAAC,EAAE;YAJpB,OAAO;YACP,GAAG,CAGmB,eAAe,CAAC,SAAS;YAJ/C,OAAO;YACP,GAAG,CAG8C,YAAY,CAAC,EAAE;YAJhE,OAAO;YACP,GAAG,CAIF,QAAQ,CAAC,EAAE,CAAC,EAAE,KAAK,EAAE,CAAC,EAAE,KAAK,EAAE;YALhC,OAAO;YACP,GAAG,CAI+B,MAAM,CAAC,EAAE,MAAM,EAAE,CAAC,EAAE,KAAK,EAAE,WAAW,EAAE;YAL1E,OAAO;YACP,GAAG,CAKF,OAAO,CAAC,GAAG,EAAE,CAAC,MAAM,CAAC,OAAO,CAAC,EAAE,GAAG,EAAE,eAAe,EAAE,CAAC;;;YAJrD,KAAK;;YAAL,KAAK,CAAsB,KAAK,CAAC,EAAE;YAAnC,KAAK,CAAgC,MAAM,CAAC,EAAE;YAA9C,KAAK,CAA2C,SAAS,CAAC,MAAM;;QAFlE,OAAO;QACP,GAAG;QA3CL,MAAM;KAmDP","entry-package-info":"entry|1.0.0"}}
{"key": "entry|entry|1.0.0|src/main/ets/pages/LoginPage.ts", "val": {"version":3,"file":"LoginPage.ets","sourceRoot":"","sources":["entry/src/main/ets/pages/LoginPage.ets"],"names":[],"mappings":";;;;IASE,OAAO,GAAE,MAAM,CAAC,gBAAgB;IACzB,OAAO,GAAE,MAAM;IACf,GAAG,GAAM,MAAM;;OAVjB,MAAM;OACN,YAAY;OACZ,eAAe;YACb,MAAM;MAIR,SAAS;IAFhB;;;;;uBAGqC,UAAU,CAAC,IAAI,CAAC,IAAI,MAAM,CAAC,gBAAgB;sDACrD,EAAE;kDACF,EAAE;;;KAPW;;;;;;;;;;;;;;;;;;;;;;;;IAKtC,iBAAS,MAAM,CAAC,gBAAgB,CAA8C;IAC9E,4CAAgB,MAAM,EAAK;QAApB,OAAO;;;QAAP,OAAO,WAAE,MAAM;;;IACtB,wCAAgB,MAAM,EAAK;QAApB,GAAG;;;QAAH,GAAG,WAAM,MAAM;;;IAEtB,KAAK,CAAC,KAAK;QACT,IAAI,CAAC,IAAI,CAAC,OAAO,IAAI,CAAC,IAAI,CAAC,GAAG,EAAE;YAC9B,YAAY,CAAC,SAAS,CAAC,EAAE,OAAO,EAAE,UAAU,EAAE,QAAQ,EAAE,IAAI,EAAE,CAAC,CAAC;YAAC,OAAM;SACxE;QACD,MAAM,IAAI,GAAG,MAAM,eAAe,CAAC,cAAc,CAAC,IAAI,CAAC,OAAO,EAAE,MAAM,CAAC,CAAA;QACvE,MAAM,QAAQ,GAAG,MAAM,IAAI,CAAC,GAAG,CAAC,SAAS,EAAE,EAAE,CAAC,IAAI,MAAM,CAAA;QACxD,MAAM,QAAQ,GAAG,MAAM,IAAI,CAAC,GAAG,CAAC,KAAK,EAAE,EAAE,CAAC,IAAI,MAAM,CAAA;QACpD,IAAI,IAAI,CAAC,OAAO,KAAK,QAAQ,IAAI,IAAI,CAAC,GAAG,KAAK,QAAQ,EAAE;YACtD,YAAY,CAAC,SAAS,CAAC,EAAE,OAAO,EAAE,SAAS,EAAE,QAAQ,EAAE,IAAI,EAAE,CAAC,CAAC;YAAC,OAAM;SACvE;QACD,KAAK;QACL,MAAM,CAAC,UAAU,CAAC,EAAE,GAAG,EAAE,aAAa,EAAE,CAAC,CAAA;IAC3C,CAAC;IAED;;YACE,KAAK;;;;YACH,KAAK;;YAAL,KAAK,CAA0B,KAAK,CAAC,MAAM;YAA3C,KAAK,CAAwC,MAAM,CAAC,MAAM;YAA1D,KAAK,CAAuD,SAAS,CAAC,QAAQ,CAAC,KAAK;YAApF,KAAK,CAAiF,IAAI,CAAC,EAAE;;;YAC7F,MAAM;;YAAN,MAAM,CAcJ,UAAU,CAAC,eAAe,CAAC,MAAM;;;YAbjC,IAAI,QAAC,QAAQ;;YAAb,IAAI,CAAW,QAAQ,CAAC,EAAE;YAA1B,IAAI,CAAwB,SAAS,CAAC,MAAM;YAA5C,IAAI,CAA0C,MAAM,CAAC,EAAE,MAAM,EAAE,EAAE,EAAE;;QAAnE,IAAI;;YACJ,MAAM;;YAAN,MAAM,CAWJ,OAAO,CAAC,EAAE;YAXZ,MAAM,CAWQ,KAAK,CAAC,KAAK;YAXzB,MAAM,CAWqB,eAAe,CAAC,WAAW;YAXtD,MAAM,CAWkD,YAAY,CAAC,EAAE;;;YAVrE,SAAS,QAAC,EAAE,WAAW,EAAE,IAAI,EAAE,IAAI,EAAE,IAAI,CAAC,OAAO,EAAE;;YAAnD,SAAS,CACN,QAAQ,CAAC,CAAC,CAAC,EAAE,CAAC,IAAI,CAAC,OAAO,GAAG,CAAC;;;YACjC,SAAS,QAAC,EAAE,WAAW,EAAE,IAAI,EAAE,IAAI,EAAE,IAAI,CAAC,GAAG,EAAE;;YAA/C,SAAS,CACN,IAAI,CAAC,SAAS,CAAC,QAAQ;YAD1B,SAAS,CACmB,MAAM,CAAC,EAAE,GAAG,EAAE,EAAE,EAAE;YAD9C,SAAS,CAEN,QAAQ,CAAC,CAAC,CAAC,EAAE,CAAC,IAAI,CAAC,GAAG,GAAG,CAAC;;;YAC7B,MAAM,iBAAC,IAAI;;YAAX,MAAM,CAAO,KAAK,CAAC,MAAM;YAAzB,MAAM,CAAqB,MAAM,CAAC,EAAE,GAAG,EAAE,EAAE,EAAE;YAA7C,MAAM,CAAyC,OAAO,CAAC,GAAG,EAAE,CAAC,IAAI,CAAC,KAAK,EAAE;;QAAzE,MAAM;;YACN,GAAG;;YAAH,GAAG,CAGD,MAAM,CAAC,EAAE,GAAG,EAAE,EAAE,EAAE;;;YAFlB,IAAI,QAAC,OAAO;;YAAZ,IAAI,CAAU,SAAS,CAAC,MAAM;;QAA9B,IAAI;;YACJ,IAAI,QAAC,MAAM;;YAAX,IAAI,CAAS,SAAS,CAAC,SAAS;YAAhC,IAAI,CAA8B,OAAO,CAAC,GAAG,EAAE,CAAC,MAAM,CAAC,OAAO,CAAC,EAAE,GAAG,EAAE,oBAAoB,EAAE,CAAC;;QAA7F,IAAI;QAFN,GAAG;QAPL,MAAM;QAFR,MAAM;QAFR,KAAK;KAkBN","entry-package-info":"entry|1.0.0"}}
{"key": "entry|entry|1.0.0|src/main/ets/pages/RegisterPage.ts", "val": {"version":3,"file":"RegisterPage.ets","sourceRoot":"","sources":["entry/src/main/ets/pages/RegisterPage.ets"],"names":[],"mappings":";;;;IASE,OAAO,GAAE,MAAM,CAAC,gBAAgB;IACzB,OAAO,GAAE,MAAM;IACf,GAAG,GAAM,MAAM;IACf,IAAI,GAAK,MAAM;;OAXjB,MAAM;OACN,YAAY;OACZ,eAAe;YACb,MAAM;MAIR,YAAY;IAFnB;;;;;uBAGqC,UAAU,CAAC,IAAI,CAAC,IAAI,MAAM,CAAC,gBAAgB;sDACrD,EAAE;kDACF,EAAE;mDACF,EAAE;;;KARW;;;;;;;;;;;;;;;;;;;;;;;;;;;;;IAKtC,iBAAS,MAAM,CAAC,gBAAgB,CAA8C;IAC9E,4CAAgB,MAAM,EAAK;QAApB,OAAO;;;QAAP,OAAO,WAAE,MAAM;;;IACtB,wCAAgB,MAAM,EAAK;QAApB,GAAG;;;QAAH,GAAG,WAAM,MAAM;;;IACtB,yCAAgB,MAAM,EAAK;QAApB,IAAI;;;QAAJ,IAAI,WAAK,MAAM;;;IAEtB,KAAK,CAAC,QAAQ;QACZ,IAAI,CAAC,IAAI,CAAC,OAAO,IAAI,CAAC,IAAI,CAAC,GAAG,IAAI,CAAC,IAAI,CAAC,IAAI,EAAE;YAC5C,YAAY,CAAC,SAAS,CAAC,EAAE,OAAO,EAAE,MAAM,EAAE,QAAQ,EAAE,IAAI,EAAE,CAAC,CAAC;YAAC,OAAM;SACpE;QACD,IAAI,IAAI,CAAC,GAAG,KAAK,IAAI,CAAC,IAAI,EAAE;YAC1B,YAAY,CAAC,SAAS,CAAC,EAAE,OAAO,EAAE,SAAS,EAAE,QAAQ,EAAE,IAAI,EAAE,CAAC,CAAC;YAAC,OAAM;SACvE;QACD,MAAM,IAAI,GAAG,MAAM,eAAe,CAAC,cAAc,CAAC,IAAI,CAAC,OAAO,EAAE,MAAM,CAAC,CAAA;QACvE,MAAM,IAAI,CAAC,GAAG,CAAC,SAAS,EAAE,IAAI,CAAC,OAAO,CAAC,CAAA;QACvC,MAAM,IAAI,CAAC,GAAG,CAAC,KAAK,EAAE,IAAI,CAAC,GAAG,CAAC,CAAA,CAAG,QAAQ;QAC1C,MAAM,IAAI,CAAC,KAAK,EAAE,CAAA;QAClB,YAAY,CAAC,SAAS,CAAC,EAAE,OAAO,EAAE,OAAO,EAAE,QAAQ,EAAE,IAAI,EAAE,CAAC,CAAA;QAC5D,MAAM,CAAC,UAAU,CAAC,EAAE,GAAG,EAAE,aAAa,EAAE,CAAC,CAAA,CAAG,QAAQ;IACtD,CAAC;IAED;;YACE,KAAK;;;;YACH,KAAK;;YAAL,KAAK,CAA0B,KAAK,CAAC,MAAM;YAA3C,KAAK,CAAwC,MAAM,CAAC,MAAM;YAA1D,KAAK,CAAuD,SAAS,CAAC,QAAQ,CAAC,KAAK;YAApF,KAAK,CAAiF,IAAI,CAAC,EAAE;;;YAC7F,MAAM;;YAAN,MAAM,CAiBJ,UAAU,CAAC,eAAe,CAAC,MAAM;;;YAhBjC,IAAI,QAAC,MAAM;;YAAX,IAAI,CAAS,QAAQ,CAAC,EAAE;YAAxB,IAAI,CAAsB,SAAS,CAAC,MAAM;YAA1C,IAAI,CAAwC,MAAM,CAAC,EAAE,MAAM,EAAE,EAAE,EAAE;;QAAjE,IAAI;;YACJ,MAAM;;YAAN,MAAM,CAcJ,OAAO,CAAC,EAAE;YAdZ,MAAM,CAcQ,KAAK,CAAC,KAAK;YAdzB,MAAM,CAcqB,eAAe,CAAC,WAAW;YAdtD,MAAM,CAckD,YAAY,CAAC,EAAE;;;YAbrE,SAAS,QAAC,EAAE,WAAW,EAAE,IAAI,EAAE,IAAI,EAAE,IAAI,CAAC,OAAO,EAAE;;YAAnD,SAAS,CACN,QAAQ,CAAC,CAAC,CAAC,EAAE,CAAC,IAAI,CAAC,OAAO,GAAG,CAAC;;;YACjC,SAAS,QAAC,EAAE,WAAW,EAAE,IAAI,EAAE,IAAI,EAAE,IAAI,CAAC,GAAG,EAAE;;YAA/C,SAAS,CACN,IAAI,CAAC,SAAS,CAAC,QAAQ;YAD1B,SAAS,CACmB,MAAM,CAAC,EAAE,GAAG,EAAE,EAAE,EAAE;YAD9C,SAAS,CAEN,QAAQ,CAAC,CAAC,CAAC,EAAE,CAAC,IAAI,CAAC,GAAG,GAAG,CAAC;;;YAC7B,SAAS,QAAC,EAAE,WAAW,EAAE,QAAQ,EAAE,IAAI,EAAE,IAAI,CAAC,IAAI,EAAE;;YAApD,SAAS,CACN,IAAI,CAAC,SAAS,CAAC,QAAQ;YAD1B,SAAS,CACmB,MAAM,CAAC,EAAE,GAAG,EAAE,EAAE,EAAE;YAD9C,SAAS,CAEN,QAAQ,CAAC,CAAC,CAAC,EAAE,CAAC,IAAI,CAAC,IAAI,GAAG,CAAC;;;YAC9B,MAAM,iBAAC,OAAO;;YAAd,MAAM,CAAU,KAAK,CAAC,MAAM;YAA5B,MAAM,CAAwB,MAAM,CAAC,EAAE,GAAG,EAAE,EAAE,EAAE;YAAhD,MAAM,CAA4C,OAAO,CAAC,GAAG,EAAE,CAAC,IAAI,CAAC,QAAQ,EAAE;;QAA/E,MAAM;;YACN,GAAG;;YAAH,GAAG,CAGD,MAAM,CAAC,EAAE,GAAG,EAAE,EAAE,EAAE;;;YAFlB,IAAI,QAAC,OAAO;;YAAZ,IAAI,CAAU,SAAS,CAAC,MAAM;;QAA9B,IAAI;;YACJ,IAAI,QAAC,MAAM;;YAAX,IAAI,CAAS,SAAS,CAAC,SAAS;YAAhC,IAAI,CAA8B,OAAO,CAAC,GAAG,EAAE,CAAC,MAAM,CAAC,IAAI,EAAE;;QAA7D,IAAI;QAFN,GAAG;QAVL,MAAM;QAFR,MAAM;QAFR,KAAK;KAqBN","entry-package-info":"entry|1.0.0"}}