{"APP_RESOURCES":"D:\\devecostudio-windows-6.0.1.251\\devecostudio-windows-6.0.1.251\\LostFound\\AppScope\\resources","MODULE_RESOURCES":"{\"D:\\\\devecostudio-windows-6.0.1.251\\\\devecostudio-windows-6.0.1.251\\\\LostFound\\\\entry\\\\src\\\\main\\\\resources\":\"module_compiled\"}","HAR_RESOURCES":"{}","PREVIEW_GENERATE_SOURCE_DIR":"D:\\devecostudio-windows-6.0.1.251\\devecostudio-windows-6.0.1.251\\LostFound\\entry\\.preview\\default\\generated\\r\\default","PREVIEW_COMPILE_MODULE_NAMES":"entry"}
