{
  "version": "2.0",
  "ppid": 5904,
  "events": [
    {
      "head": {
        "id": "6c550f90-9992-428a-ae16-a963457d1cdc",
        "name": "hvigor build process will be closed.",
        "description": "",
        "type": "log"
      },
      "body": {
        "pid": 11044,
        "tid": "Main Thread",
        "startTime": 1763388068500
      },
      "additional": {
        "logType": "debug",
        "children": []
      }
    },
    {
      "head": {
        "id": "0331b625-7907-43c6-8c8f-cf81c06ce09c",
        "name": "watch worker: worker is ready to be terminated.",
        "description": "",
        "type": "log"
      },
      "body": {
        "pid": 11044,
        "tid": "Main Thread",
        "startTime": 1793746192000
      },
      "additional": {
        "logType": "debug",
        "children": []
      }
    },
    {
      "head": {
        "id": "dd3ccb75-138e-4627-8e0d-a53153c60ba9",
        "name": "Server currently has 0 watch-worker",
        "description": "",
        "type": "log"
      },
      "body": {
        "pid": 11044,
        "tid": "Main Thread",
        "startTime": 1793746811700
      },
      "additional": {
        "logType": "debug",
        "children": []
      }
    },
    {
      "head": {
        "id": "09c52d6f-9657-4170-937c-6bf7a6bb4b95",
        "name": "watch worker: worker id should be larger than 0. Nothing will be sent to any worker thread.",
        "description": "",
        "type": "log"
      },
      "body": {
        "pid": 11044,
        "tid": "Main Thread",
        "startTime": 2044969175500
      },
      "additional": {
        "logType": "debug",
        "children": []
      }
    },
    {
      "head": {
        "id": "3872ad90-eb60-4683-8ac8-4dfa43656361",
        "name": "init",
        "description": "Initialize and build task graph.",
        "type": "duration"
      },
      "body": {
        "pid": 11044,
        "tid": "Main Thread",
        "startTime": 2044971907800,
        "endTime": 2045062967300
      },
      "additional": {
        "children": [
          "5436fc80-0c43-45ed-ad44-32ee7c44c763",
          "8015c9a0-0c5a-48b7-81dd-5f5ef0cdefe0",
          "471180b0-b6ae-47c7-a316-86869add41a8",
          "d01ecd2f-3afa-4556-aaa0-a5d1de4fd1e4",
          "3a310cd2-d8f3-4567-8d84-daac30eb6768",
          "abd107f7-63c6-49fa-a6ae-2a054e48d619",
          "51c70b89-04eb-4576-84ce-8ea8607905ef"
        ],
        "state": "success",
        "targetName": "",
        "moduleName": "",
        "category": "Init",
        "taskRunReasons": [],
        "logId": "26501bc3-5527-4656-a43b-0309524d2bcc"
      },
      "log": {
        "_logger": {
          "category": "DurationEvent",
          "context": {},
          "callStackSkipIndex": 0
        },
        "_filelogger": {
          "category": "debug-file",
          "context": {},
          "callStackSkipIndex": 0
        },
        "anonymizeFileLogger": {
          "fileLogger": {
            "category": "debug-file",
            "context": {},
            "callStackSkipIndex": 0
          }
        }
      }
    },
    {
      "head": {
        "id": "5436fc80-0c43-45ed-ad44-32ee7c44c763",
        "name": "create hvigor project model",
        "description": "Initialize hvigor project model.",
        "type": "duration"
      },
      "body": {
        "pid": 11044,
        "tid": "Main Thread",
        "startTime": 2044971908200,
        "endTime": 2044977422600
      },
      "additional": {
        "children": [],
        "state": "success",
        "targetName": "",
        "moduleName": "",
        "category": "",
        "taskRunReasons": [],
        "parent": "3872ad90-eb60-4683-8ac8-4dfa43656361",
        "logId": "8ea83e06-cba3-414e-b4a6-030e508f58c0"
      },
      "log": {
        "_logger": {
          "category": "DurationEvent",
          "context": {},
          "callStackSkipIndex": 0
        },
        "_filelogger": {
          "category": "debug-file",
          "context": {},
          "callStackSkipIndex": 0
        },
        "anonymizeFileLogger": {
          "fileLogger": {
            "category": "debug-file",
            "context": {},
            "callStackSkipIndex": 0
          }
        }
      }
    },
    {
      "head": {
        "id": "8015c9a0-0c5a-48b7-81dd-5f5ef0cdefe0",
        "name": "configure hvigor plugin",
        "description": "Configure hvigor plugin.",
        "type": "duration"
      },
      "body": {
        "pid": 11044,
        "tid": "Main Thread",
        "startTime": 2044977438500,
        "endTime": 2045062497600
      },
      "additional": {
        "children": [
          "4708b3f0-3e81-4da0-af19-c067a17a379a",
          "c3b44e29-40cc-4a63-b93f-8de322ddc2b6",
          "146b2bcc-aefe-41cf-b411-cfb4c32e16f7",
          "9a4cee4f-76a5-448a-b747-fd3e26c9a156",
          "be6530a1-dd8e-43e9-bf06-acf5ab72cd33",
          "98b6b08a-4859-4706-b864-df9d93b07808",
          "f59c7471-d48a-48bb-9240-83e0f08baf32",
          "a3a19e77-d497-41e3-ab94-603328c7c45a",
          "edc116ad-6310-4d69-b0fe-a6a6c8a8f18a"
        ],
        "state": "success",
        "targetName": "",
        "moduleName": "",
        "category": "",
        "taskRunReasons": [],
        "parent": "3872ad90-eb60-4683-8ac8-4dfa43656361",
        "logId": "5f1983f4-620a-429d-9300-4ee9fb96d350"
      },
      "log": {
        "_logger": {
          "category": "DurationEvent",
          "context": {},
          "callStackSkipIndex": 0
        },
        "_filelogger": {
          "category": "debug-file",
          "context": {},
          "callStackSkipIndex": 0
        },
        "anonymizeFileLogger": {
          "fileLogger": {
            "category": "debug-file",
            "context": {},
            "callStackSkipIndex": 0
          }
        }
      }
    },
    {
      "head": {
        "id": "471180b0-b6ae-47c7-a316-86869add41a8",
        "name": "build task graph",
        "description": "Build task graph.",
        "type": "duration"
      },
      "body": {
        "pid": 11044,
        "tid": "Main Thread",
        "startTime": 2045062527800,
        "endTime": 2045062947800
      },
      "additional": {
        "children": [],
        "state": "success",
        "targetName": "",
        "moduleName": "",
        "category": "",
        "taskRunReasons": [],
        "parent": "3872ad90-eb60-4683-8ac8-4dfa43656361",
        "logId": "e42bee84-e46b-4709-b4bd-5e7e0a632eca"
      },
      "log": {
        "_logger": {
          "category": "DurationEvent",
          "context": {},
          "callStackSkipIndex": 0
        },
        "_filelogger": {
          "category": "debug-file",
          "context": {},
          "callStackSkipIndex": 0
        },
        "anonymizeFileLogger": {
          "fileLogger": {
            "category": "debug-file",
            "context": {},
            "callStackSkipIndex": 0
          }
        }
      }
    },
    {
      "head": {
        "id": "d01ecd2f-3afa-4556-aaa0-a5d1de4fd1e4",
        "name": "init task execution option",
        "description": "Init task execution option.",
        "type": "duration"
      },
      "body": {
        "pid": 11044,
        "tid": "Main Thread",
        "startTime": 2045062950600,
        "endTime": 2045062964500
      },
      "additional": {
        "children": [],
        "state": "success",
        "targetName": "",
        "moduleName": "",
        "category": "",
        "taskRunReasons": [],
        "parent": "3872ad90-eb60-4683-8ac8-4dfa43656361",
        "logId": "be9dac4c-fa93-4556-9aec-1f9705e15cca"
      },
      "log": {
        "_logger": {
          "category": "DurationEvent",
          "context": {},
          "callStackSkipIndex": 0
        },
        "_filelogger": {
          "category": "debug-file",
          "context": {},
          "callStackSkipIndex": 0
        },
        "anonymizeFileLogger": {
          "fileLogger": {
            "category": "debug-file",
            "context": {},
            "callStackSkipIndex": 0
          }
        }
      }
    },
    {
      "head": {
        "id": "3a310cd2-d8f3-4567-8d84-daac30eb6768",
        "name": "\"configEvaluated\" hook function",
        "description": "",
        "type": "duration"
      },
      "body": {
        "pid": 11044,
        "tid": "Main Thread",
        "startTime": 2044972874800,
        "endTime": 2044972910700
      },
      "additional": {
        "children": [],
        "state": "success",
        "targetName": "",
        "moduleName": "",
        "category": "",
        "taskRunReasons": [],
        "parent": "3872ad90-eb60-4683-8ac8-4dfa43656361",
        "logId": "d647d052-e34f-431e-8d3e-97320269e3ab"
      },
      "log": {
        "_logger": {
          "category": "DurationEvent",
          "context": {},
          "callStackSkipIndex": 0
        },
        "_filelogger": {
          "category": "debug-file",
          "context": {},
          "callStackSkipIndex": 0
        },
        "anonymizeFileLogger": {
          "fileLogger": {
            "category": "debug-file",
            "context": {},
            "callStackSkipIndex": 0
          }
        }
      }
    },
    {
      "head": {
        "id": "d647d052-e34f-431e-8d3e-97320269e3ab",
        "name": "\"configEvaluated\" hook function",
        "description": "",
        "type": "log"
      },
      "body": {
        "pid": 11044,
        "tid": "Main Thread",
        "startTime": 2044972874800,
        "endTime": 2044972910700
      },
      "additional": {
        "logType": "info",
        "children": [],
        "durationId": "3a310cd2-d8f3-4567-8d84-daac30eb6768",
        "parent": "26501bc3-5527-4656-a43b-0309524d2bcc"
      }
    },
    {
      "head": {
        "id": "abd107f7-63c6-49fa-a6ae-2a054e48d619",
        "name": "\"nodesInitialized\" hook function",
        "description": "",
        "type": "duration"
      },
      "body": {
        "pid": 11044,
        "tid": "Main Thread",
        "startTime": 2044973652100,
        "endTime": 2044973668300
      },
      "additional": {
        "children": [],
        "state": "success",
        "targetName": "",
        "moduleName": "",
        "category": "",
        "taskRunReasons": [],
        "parent": "3872ad90-eb60-4683-8ac8-4dfa43656361",
        "logId": "35405958-e5c6-4b4a-a414-ff851fed9c8b"
      },
      "log": {
        "_logger": {
          "category": "DurationEvent",
          "context": {},
          "callStackSkipIndex": 0
        },
        "_filelogger": {
          "category": "debug-file",
          "context": {},
          "callStackSkipIndex": 0
        },
        "anonymizeFileLogger": {
          "fileLogger": {
            "category": "debug-file",
            "context": {},
            "callStackSkipIndex": 0
          }
        }
      }
    },
    {
      "head": {
        "id": "35405958-e5c6-4b4a-a414-ff851fed9c8b",
        "name": "\"nodesInitialized\" hook function",
        "description": "",
        "type": "log"
      },
      "body": {
        "pid": 11044,
        "tid": "Main Thread",
        "startTime": 2044973652100,
        "endTime": 2044973668300
      },
      "additional": {
        "logType": "info",
        "children": [],
        "durationId": "abd107f7-63c6-49fa-a6ae-2a054e48d619",
        "parent": "26501bc3-5527-4656-a43b-0309524d2bcc"
      }
    },
    {
      "head": {
        "id": "8b6f29a3-fdb7-46ba-8436-6bfcaab2422d",
        "name": "Hvigor init with startParameters:{\n  hvigorfileTypeCheck: false,\n  parallelExecution: true,\n  incrementalExecution: true,\n  printStackTrace: false,\n  daemon: true,\n  analyze: 0,\n  logLevel: Level { level: 20000, levelStr: 'INFO', colour: 'green' },\n  optimizationStrategy: 'memory',\n  hotCompile: undefined,\n  hotReloadBuild: undefined\n}",
        "description": "",
        "type": "log"
      },
      "body": {
        "pid": 11044,
        "tid": "Main Thread",
        "startTime": 2044973738500
      },
      "additional": {
        "logType": "debug",
        "children": []
      }
    },
    {
      "head": {
        "id": "b08fd670-fac6-42ba-a1ee-9f1164c66727",
        "name": "Cache service initialization finished in 4 ms ",
        "description": "",
        "type": "log"
      },
      "body": {
        "pid": 11044,
        "tid": "Main Thread",
        "startTime": 2044977300100
      },
      "additional": {
        "logType": "debug",
        "children": []
      }
    },
    {
      "head": {
        "id": "8ea83e06-cba3-414e-b4a6-030e508f58c0",
        "name": "create hvigor project model",
        "description": "",
        "type": "log"
      },
      "body": {
        "pid": 11044,
        "tid": "Main Thread",
        "startTime": 2044971908200,
        "endTime": 2044977422600
      },
      "additional": {
        "logType": "info",
        "children": [],
        "durationId": "5436fc80-0c43-45ed-ad44-32ee7c44c763",
        "parent": "26501bc3-5527-4656-a43b-0309524d2bcc"
      }
    },
    {
      "head": {
        "id": "4708b3f0-3e81-4da0-af19-c067a17a379a",
        "name": "init configuration",
        "description": "Initialize configuration.",
        "type": "duration"
      },
      "body": {
        "pid": 11044,
        "tid": "Main Thread",
        "startTime": 2044977466400,
        "endTime": 2044977474100
      },
      "additional": {
        "children": [],
        "state": "success",
        "targetName": "",
        "moduleName": "",
        "category": "",
        "taskRunReasons": [],
        "parent": "8015c9a0-0c5a-48b7-81dd-5f5ef0cdefe0",
        "logId": "bfa87371-9186-4301-a940-23fab062e199"
      },
      "log": {
        "_logger": {
          "category": "DurationEvent",
          "context": {},
          "callStackSkipIndex": 0
        },
        "_filelogger": {
          "category": "debug-file",
          "context": {},
          "callStackSkipIndex": 0
        },
        "anonymizeFileLogger": {
          "fileLogger": {
            "category": "debug-file",
            "context": {},
            "callStackSkipIndex": 0
          }
        }
      }
    },
    {
      "head": {
        "id": "c3b44e29-40cc-4a63-b93f-8de322ddc2b6",
        "name": "configure project task",
        "description": "Configure project task.",
        "type": "duration"
      },
      "body": {
        "pid": 11044,
        "tid": "Main Thread",
        "startTime": 2044977477700,
        "endTime": 2044977841900
      },
      "additional": {
        "children": [],
        "state": "success",
        "targetName": "",
        "moduleName": "",
        "category": "",
        "taskRunReasons": [],
        "parent": "8015c9a0-0c5a-48b7-81dd-5f5ef0cdefe0",
        "logId": "86e829b8-1746-481e-ab63-87a18e25fd24"
      },
      "log": {
        "_logger": {
          "category": "DurationEvent",
          "context": {},
          "callStackSkipIndex": 0
        },
        "_filelogger": {
          "category": "debug-file",
          "context": {},
          "callStackSkipIndex": 0
        },
        "anonymizeFileLogger": {
          "fileLogger": {
            "category": "debug-file",
            "context": {},
            "callStackSkipIndex": 0
          }
        }
      }
    },
    {
      "head": {
        "id": "146b2bcc-aefe-41cf-b411-cfb4c32e16f7",
        "name": "eval project",
        "description": "Evaluate project.",
        "type": "duration"
      },
      "body": {
        "pid": 11044,
        "tid": "Main Thread",
        "startTime": 2044977848000,
        "endTime": 2045022876100
      },
      "additional": {
        "children": [
          "af6caade-e0b1-4992-8fb5-3ea95feb9743",
          "11dc5423-3120-46a7-a035-2643b1cc8966",
          "ad5ddfc3-739a-454e-a1f4-0d46bcd88edc"
        ],
        "state": "success",
        "targetName": "",
        "moduleName": "",
        "category": "",
        "taskRunReasons": [],
        "parent": "8015c9a0-0c5a-48b7-81dd-5f5ef0cdefe0",
        "logId": "a0ec3b0c-4f5b-411b-911c-685fa9324460"
      },
      "log": {
        "_logger": {
          "category": "DurationEvent",
          "context": {},
          "callStackSkipIndex": 0
        },
        "_filelogger": {
          "category": "debug-file",
          "context": {},
          "callStackSkipIndex": 0
        },
        "anonymizeFileLogger": {
          "fileLogger": {
            "category": "debug-file",
            "context": {},
            "callStackSkipIndex": 0
          }
        }
      }
    },
    {
      "head": {
        "id": "9a4cee4f-76a5-448a-b747-fd3e26c9a156",
        "name": "eval modules",
        "description": "Evaluate modules.",
        "type": "duration"
      },
      "body": {
        "pid": 11044,
        "tid": "Main Thread",
        "startTime": 2045022885200,
        "endTime": 2045035903400
      },
      "additional": {
        "children": [
          "2a467b5f-13e3-4ade-9add-90e7c2adde29"
        ],
        "state": "success",
        "targetName": "",
        "moduleName": "",
        "category": "",
        "taskRunReasons": [],
        "parent": "8015c9a0-0c5a-48b7-81dd-5f5ef0cdefe0",
        "logId": "7ae271e0-cd8e-40c1-bdbd-f7241430c853"
      },
      "log": {
        "_logger": {
          "category": "DurationEvent",
          "context": {},
          "callStackSkipIndex": 0
        },
        "_filelogger": {
          "category": "debug-file",
          "context": {},
          "callStackSkipIndex": 0
        },
        "anonymizeFileLogger": {
          "fileLogger": {
            "category": "debug-file",
            "context": {},
            "callStackSkipIndex": 0
          }
        }
      }
    },
    {
      "head": {
        "id": "be6530a1-dd8e-43e9-bf06-acf5ab72cd33",
        "name": "add config dependencies",
        "description": "Add configuration dependencies.",
        "type": "duration"
      },
      "body": {
        "pid": 11044,
        "tid": "Main Thread",
        "startTime": 2045035908900,
        "endTime": 2045051060000
      },
      "additional": {
        "children": [],
        "state": "success",
        "targetName": "",
        "moduleName": "",
        "category": "",
        "taskRunReasons": [],
        "parent": "8015c9a0-0c5a-48b7-81dd-5f5ef0cdefe0",
        "logId": "e93386bb-e1e8-4e1b-ba5c-838ccb51415b"
      },
      "log": {
        "_logger": {
          "category": "DurationEvent",
          "context": {},
          "callStackSkipIndex": 0
        },
        "_filelogger": {
          "category": "debug-file",
          "context": {},
          "callStackSkipIndex": 0
        },
        "anonymizeFileLogger": {
          "fileLogger": {
            "category": "debug-file",
            "context": {},
            "callStackSkipIndex": 0
          }
        }
      }
    },
    {
      "head": {
        "id": "98b6b08a-4859-4706-b864-df9d93b07808",
        "name": "ohpm install",
        "description": "Ohpm install event.",
        "type": "duration"
      },
      "body": {
        "pid": 11044,
        "tid": "Main Thread",
        "startTime": 2045051242300,
        "endTime": 2045055344200
      },
      "additional": {
        "children": [],
        "state": "success",
        "targetName": "",
        "moduleName": "",
        "category": "",
        "taskRunReasons": [],
        "parent": "8015c9a0-0c5a-48b7-81dd-5f5ef0cdefe0",
        "logId": "c03d3fda-4b27-4769-81e1-28cdaa26a846"
      },
      "log": {
        "_logger": {
          "category": "DurationEvent",
          "context": {},
          "callStackSkipIndex": 0
        },
        "_filelogger": {
          "category": "debug-file",
          "context": {},
          "callStackSkipIndex": 0
        },
        "anonymizeFileLogger": {
          "fileLogger": {
            "category": "debug-file",
            "context": {},
            "callStackSkipIndex": 0
          }
        }
      }
    },
    {
      "head": {
        "id": "f59c7471-d48a-48bb-9240-83e0f08baf32",
        "name": "eval hook",
        "description": "EvaluateEvent hook.",
        "type": "duration"
      },
      "body": {
        "pid": 11044,
        "tid": "Main Thread",
        "startTime": 2045055377000,
        "endTime": 2045062371100
      },
      "additional": {
        "children": [],
        "state": "success",
        "targetName": "",
        "moduleName": "",
        "category": "",
        "taskRunReasons": [],
        "parent": "8015c9a0-0c5a-48b7-81dd-5f5ef0cdefe0",
        "logId": "0fcd148a-5b59-4ce7-b8fb-156745d60692"
      },
      "log": {
        "_logger": {
          "category": "DurationEvent",
          "context": {},
          "callStackSkipIndex": 0
        },
        "_filelogger": {
          "category": "debug-file",
          "context": {},
          "callStackSkipIndex": 0
        },
        "anonymizeFileLogger": {
          "fileLogger": {
            "category": "debug-file",
            "context": {},
            "callStackSkipIndex": 0
          }
        }
      }
    },
    {
      "head": {
        "id": "a3a19e77-d497-41e3-ab94-603328c7c45a",
        "name": "fin configuration",
        "description": "Finish configuration.",
        "type": "duration"
      },
      "body": {
        "pid": 11044,
        "tid": "Main Thread",
        "startTime": 2045062387300,
        "endTime": 2045062487300
      },
      "additional": {
        "children": [],
        "state": "success",
        "targetName": "",
        "moduleName": "",
        "category": "",
        "taskRunReasons": [],
        "parent": "8015c9a0-0c5a-48b7-81dd-5f5ef0cdefe0",
        "logId": "a5c40255-c632-411a-a1eb-dddd364887b4"
      },
      "log": {
        "_logger": {
          "category": "DurationEvent",
          "context": {},
          "callStackSkipIndex": 0
        },
        "_filelogger": {
          "category": "debug-file",
          "context": {},
          "callStackSkipIndex": 0
        },
        "anonymizeFileLogger": {
          "fileLogger": {
            "category": "debug-file",
            "context": {},
            "callStackSkipIndex": 0
          }
        }
      }
    },
    {
      "head": {
        "id": "bfa87371-9186-4301-a940-23fab062e199",
        "name": "init configuration",
        "description": "",
        "type": "log"
      },
      "body": {
        "pid": 11044,
        "tid": "Main Thread",
        "startTime": 2044977466400,
        "endTime": 2044977474100
      },
      "additional": {
        "logType": "info",
        "children": [],
        "durationId": "4708b3f0-3e81-4da0-af19-c067a17a379a",
        "parent": "5f1983f4-620a-429d-9300-4ee9fb96d350"
      }
    },
    {
      "head": {
        "id": "86e829b8-1746-481e-ab63-87a18e25fd24",
        "name": "configure project task",
        "description": "",
        "type": "log"
      },
      "body": {
        "pid": 11044,
        "tid": "Main Thread",
        "startTime": 2044977477700,
        "endTime": 2044977841900
      },
      "additional": {
        "logType": "info",
        "children": [],
        "durationId": "c3b44e29-40cc-4a63-b93f-8de322ddc2b6",
        "parent": "5f1983f4-620a-429d-9300-4ee9fb96d350"
      }
    },
    {
      "head": {
        "id": "af6caade-e0b1-4992-8fb5-3ea95feb9743",
        "name": "\"beforeNodeEvaluate\" hook function",
        "description": "",
        "type": "duration"
      },
      "body": {
        "pid": 11044,
        "tid": "Main Thread",
        "startTime": 2044977872800,
        "endTime": 2044977882300
      },
      "additional": {
        "children": [],
        "state": "success",
        "targetName": "",
        "moduleName": "",
        "category": "",
        "taskRunReasons": [],
        "parent": "146b2bcc-aefe-41cf-b411-cfb4c32e16f7",
        "logId": "4ac224b4-0554-49e4-9e72-a2b049bb9905"
      },
      "log": {
        "_logger": {
          "category": "DurationEvent",
          "context": {},
          "callStackSkipIndex": 0
        },
        "_filelogger": {
          "category": "debug-file",
          "context": {},
          "callStackSkipIndex": 0
        },
        "anonymizeFileLogger": {
          "fileLogger": {
            "category": "debug-file",
            "context": {},
            "callStackSkipIndex": 0
          }
        }
      }
    },
    {
      "head": {
        "id": "4ac224b4-0554-49e4-9e72-a2b049bb9905",
        "name": "\"beforeNodeEvaluate\" hook function",
        "description": "",
        "type": "log"
      },
      "body": {
        "pid": 11044,
        "tid": "Main Thread",
        "startTime": 2044977872800,
        "endTime": 2044977882300
      },
      "additional": {
        "logType": "info",
        "children": [],
        "durationId": "af6caade-e0b1-4992-8fb5-3ea95feb9743",
        "parent": "a0ec3b0c-4f5b-411b-911c-685fa9324460"
      }
    },
    {
      "head": {
        "id": "11dc5423-3120-46a7-a035-2643b1cc8966",
        "name": "eval hvigorfile",
        "description": "Evaluate hvigorfile.",
        "type": "duration"
      },
      "body": {
        "pid": 11044,
        "tid": "Main Thread",
        "startTime": 2044978033500,
        "endTime": 2045022844700
      },
      "additional": {
        "children": [
          "f624beef-a527-4565-979b-6beb6be47265",
          "0a2690e8-7bf0-4d39-b58a-9e10aa28b816"
        ],
        "state": "success",
        "targetName": "",
        "moduleName": "",
        "category": "",
        "taskRunReasons": [],
        "parent": "146b2bcc-aefe-41cf-b411-cfb4c32e16f7",
        "logId": "235f7e36-d31b-4601-8e45-633aeef46cf7"
      },
      "log": {
        "_logger": {
          "category": "DurationEvent",
          "context": {},
          "callStackSkipIndex": 0
        },
        "_filelogger": {
          "category": "debug-file",
          "context": {},
          "callStackSkipIndex": 0
        },
        "anonymizeFileLogger": {
          "fileLogger": {
            "category": "debug-file",
            "context": {},
            "callStackSkipIndex": 0
          }
        }
      }
    },
    {
      "head": {
        "id": "f624beef-a527-4565-979b-6beb6be47265",
        "name": "require hvigorfile",
        "description": "Require hvigorfile.",
        "type": "duration"
      },
      "body": {
        "pid": 11044,
        "tid": "Main Thread",
        "startTime": 2044978033800,
        "endTime": 2044984582600
      },
      "additional": {
        "children": [],
        "state": "success",
        "targetName": "",
        "moduleName": "",
        "category": "",
        "taskRunReasons": [],
        "parent": "11dc5423-3120-46a7-a035-2643b1cc8966",
        "logId": "34d7c0f3-f914-498e-9699-bc65390374a1"
      },
      "log": {
        "_logger": {
          "category": "DurationEvent",
          "context": {},
          "callStackSkipIndex": 0
        },
        "_filelogger": {
          "category": "debug-file",
          "context": {},
          "callStackSkipIndex": 0
        },
        "anonymizeFileLogger": {
          "fileLogger": {
            "category": "debug-file",
            "context": {},
            "callStackSkipIndex": 0
          }
        }
      }
    },
    {
      "head": {
        "id": "0a2690e8-7bf0-4d39-b58a-9e10aa28b816",
        "name": "bind plugins",
        "description": "Bind plugins.",
        "type": "duration"
      },
      "body": {
        "pid": 11044,
        "tid": "Main Thread",
        "startTime": 2044984598200,
        "endTime": 2045022834700
      },
      "additional": {
        "children": [],
        "state": "success",
        "targetName": "",
        "moduleName": "",
        "category": "",
        "taskRunReasons": [],
        "parent": "11dc5423-3120-46a7-a035-2643b1cc8966",
        "logId": "68fa89bb-4cbb-49a9-adb0-375932250c53"
      },
      "log": {
        "_logger": {
          "category": "DurationEvent",
          "context": {},
          "callStackSkipIndex": 0
        },
        "_filelogger": {
          "category": "debug-file",
          "context": {},
          "callStackSkipIndex": 0
        },
        "anonymizeFileLogger": {
          "fileLogger": {
            "category": "debug-file",
            "context": {},
            "callStackSkipIndex": 0
          }
        }
      }
    },
    {
      "head": {
        "id": "2d66c642-63a9-45a4-838d-d822a182b45c",
        "name": "hvigorfile, resolving D:\\devecostudio-windows-6.0.1.251\\devecostudio-windows-6.0.1.251\\LostFound\\hvigorfile.ts",
        "description": "",
        "type": "log"
      },
      "body": {
        "pid": 11044,
        "tid": "Main Thread",
        "startTime": 2044978036700
      },
      "additional": {
        "logType": "debug",
        "children": []
      }
    },
    {
      "head": {
        "id": "0213dc1d-4b0e-485f-99ff-0813566bec5a",
        "name": "hvigorfile, require result:  { default: { system: [Function: appTasks], plugins: [] } }",
        "description": "",
        "type": "log"
      },
      "body": {
        "pid": 11044,
        "tid": "Main Thread",
        "startTime": 2044984467500
      },
      "additional": {
        "logType": "debug",
        "children": []
      }
    },
    {
      "head": {
        "id": "34d7c0f3-f914-498e-9699-bc65390374a1",
        "name": "require hvigorfile",
        "description": "",
        "type": "log"
      },
      "body": {
        "pid": 11044,
        "tid": "Main Thread",
        "startTime": 2044978033800,
        "endTime": 2044984582600
      },
      "additional": {
        "logType": "info",
        "children": [],
        "durationId": "f624beef-a527-4565-979b-6beb6be47265",
        "parent": "235f7e36-d31b-4601-8e45-633aeef46cf7"
      }
    },
    {
      "head": {
        "id": "0dd16026-c103-446e-baf6-27e7de24357e",
        "name": "hvigorfile, binding system plugins [Function: appTasks]",
        "description": "",
        "type": "log"
      },
      "body": {
        "pid": 11044,
        "tid": "Main Thread",
        "startTime": 2044984612000
      },
      "additional": {
        "logType": "debug",
        "children": []
      }
    },
    {
      "head": {
        "id": "2e9f56e3-f649-4318-98a6-8204457e7a54",
        "name": "Start initialize project's product build option map with build mode debug.",
        "description": "",
        "type": "log"
      },
      "body": {
        "pid": 11044,
        "tid": "Main Thread",
        "startTime": 2044988335800
      },
      "additional": {
        "logType": "debug",
        "children": []
      }
    },
    {
      "head": {
        "id": "c5b8904d-27b8-4cae-9e23-8042af63540d",
        "name": "Picking option from product 'default' with build mode 'debug'.",
        "description": "",
        "type": "log"
      },
      "body": {
        "pid": 11044,
        "tid": "Main Thread",
        "startTime": 2044988419900
      },
      "additional": {
        "logType": "debug",
        "children": []
      }
    },
    {
      "head": {
        "id": "4111a868-6f9e-43ad-b5bf-55bc86885c6a",
        "name": "Product 'default' build option initialized",
        "description": "",
        "type": "log"
      },
      "body": {
        "pid": 11044,
        "tid": "Main Thread",
        "startTime": 2044988508300
      },
      "additional": {
        "logType": "debug",
        "children": []
      }
    },
    {
      "head": {
        "id": "59d2d781-ab0b-411d-ba08-21176fdc2d2a",
        "name": "End initialize project's product build option map with build mode 'debug'.",
        "description": "",
        "type": "log"
      },
      "body": {
        "pid": 11044,
        "tid": "Main Thread",
        "startTime": 2044988562600
      },
      "additional": {
        "logType": "debug",
        "children": []
      }
    },
    {
      "head": {
        "id": "91a5173e-ff3f-4d5e-9985-f245f65ded39",
        "name": "Obtain build option for product 'default'in this build.",
        "description": "",
        "type": "log"
      },
      "body": {
        "pid": 11044,
        "tid": "Main Thread",
        "startTime": 2044989024700
      },
      "additional": {
        "logType": "debug",
        "children": []
      }
    },
    {
      "head": {
        "id": "0649b6fb-531c-41bd-80d8-a892e3342083",
        "name": "No signingConfig found, initRemoteHspCache failed.",
        "description": "",
        "type": "log"
      },
      "body": {
        "pid": 11044,
        "tid": "Main Thread",
        "startTime": 2044992395000
      },
      "additional": {
        "logType": "debug",
        "children": []
      }
    },
    {
      "head": {
        "id": "a47023a3-2967-4dc9-82e0-8fdafc680df1",
        "name": "Start recording SDK configuration permission data.",
        "description": "",
        "type": "log"
      },
      "body": {
        "pid": 11044,
        "tid": "Main Thread",
        "startTime": 2044994406600
      },
      "additional": {
        "logType": "debug",
        "children": []
      }
    },
    {
      "head": {
        "id": "2c857c92-9385-451f-aee6-0a225f289131",
        "name": "Sdk init in 28 ms ",
        "description": "",
        "type": "log"
      },
      "body": {
        "pid": 11044,
        "tid": "Main Thread",
        "startTime": 2045020055000
      },
      "additional": {
        "logType": "debug",
        "children": []
      }
    },
    {
      "head": {
        "id": "4b3d732d-50e2-432c-8d89-7ca56e224a18",
        "name": "sdkVersion",
        "description": "6.0.1.112",
        "type": "mark"
      },
      "body": {
        "pid": 11044,
        "tid": "Main Thread",
        "startTime": 2045020197700
      },
      "additional": {
        "time": {
          "year": 2025,
          "month": 12,
          "day": 17,
          "hour": 21,
          "minute": 36,
          "second": 31
        },
        "markType": "other"
      }
    },
    {
      "head": {
        "id": "2d317524-8c30-46f7-9820-a362ea06794f",
        "name": "caseSensitiveCheckOn",
        "description": "caseSensitiveCheck check is on",
        "type": "mark"
      },
      "body": {
        "pid": 11044,
        "tid": "Main Thread",
        "startTime": 2045020212800
      },
      "additional": {
        "time": {
          "year": 2025,
          "month": 12,
          "day": 17,
          "hour": 21,
          "minute": 36,
          "second": 31
        },
        "markType": "other"
      }
    },
    {
      "head": {
        "id": "e90bd1ae-fe67-4b94-a996-58db8113367b",
        "name": "Project task initialization takes 3 ms ",
        "description": "",
        "type": "log"
      },
      "body": {
        "pid": 11044,
        "tid": "Main Thread",
        "startTime": 2045022638600
      },
      "additional": {
        "logType": "debug",
        "children": []
      }
    },
    {
      "head": {
        "id": "9a111ce3-adce-43d6-8099-082d9246d702",
        "name": "hvigorfile, binding custom plugins []",
        "description": "",
        "type": "log"
      },
      "body": {
        "pid": 11044,
        "tid": "Main Thread",
        "startTime": 2045022735900
      },
      "additional": {
        "logType": "debug",
        "children": []
      }
    },
    {
      "head": {
        "id": "5d0b3448-a328-4069-b961-1f0d5e267a7f",
        "name": "hvigorfile, no custom plugins were found in D:\\devecostudio-windows-6.0.1.251\\devecostudio-windows-6.0.1.251\\LostFound\\hvigorfile.ts",
        "description": "",
        "type": "log"
      },
      "body": {
        "pid": 11044,
        "tid": "Main Thread",
        "startTime": 2045022776900
      },
      "additional": {
        "logType": "debug",
        "children": []
      }
    },
    {
      "head": {
        "id": "0bd3eb49-1273-4791-88ed-24a41334bced",
        "name": "hvigorfile, resolve finished D:\\devecostudio-windows-6.0.1.251\\devecostudio-windows-6.0.1.251\\LostFound\\hvigorfile.ts",
        "description": "",
        "type": "log"
      },
      "body": {
        "pid": 11044,
        "tid": "Main Thread",
        "startTime": 2045022807600
      },
      "additional": {
        "logType": "debug",
        "children": []
      }
    },
    {
      "head": {
        "id": "68fa89bb-4cbb-49a9-adb0-375932250c53",
        "name": "bind plugins",
        "description": "",
        "type": "log"
      },
      "body": {
        "pid": 11044,
        "tid": "Main Thread",
        "startTime": 2044984598200,
        "endTime": 2045022834700
      },
      "additional": {
        "logType": "info",
        "children": [],
        "durationId": "0a2690e8-7bf0-4d39-b58a-9e10aa28b816",
        "parent": "235f7e36-d31b-4601-8e45-633aeef46cf7"
      }
    },
    {
      "head": {
        "id": "235f7e36-d31b-4601-8e45-633aeef46cf7",
        "name": "eval hvigorfile",
        "description": "",
        "type": "log"
      },
      "body": {
        "pid": 11044,
        "tid": "Main Thread",
        "startTime": 2044978033500,
        "endTime": 2045022844700
      },
      "additional": {
        "logType": "info",
        "children": [
          "34d7c0f3-f914-498e-9699-bc65390374a1",
          "68fa89bb-4cbb-49a9-adb0-375932250c53"
        ],
        "durationId": "11dc5423-3120-46a7-a035-2643b1cc8966",
        "parent": "a0ec3b0c-4f5b-411b-911c-685fa9324460"
      }
    },
    {
      "head": {
        "id": "ad5ddfc3-739a-454e-a1f4-0d46bcd88edc",
        "name": "\"afterNodeEvaluate\" hook function",
        "description": "",
        "type": "duration"
      },
      "body": {
        "pid": 11044,
        "tid": "Main Thread",
        "startTime": 2045022863700,
        "endTime": 2045022871400
      },
      "additional": {
        "children": [],
        "state": "success",
        "targetName": "",
        "moduleName": "",
        "category": "",
        "taskRunReasons": [],
        "parent": "146b2bcc-aefe-41cf-b411-cfb4c32e16f7",
        "logId": "f7734c67-40bc-4a8c-b970-2a7aed9cb987"
      },
      "log": {
        "_logger": {
          "category": "DurationEvent",
          "context": {},
          "callStackSkipIndex": 0
        },
        "_filelogger": {
          "category": "debug-file",
          "context": {},
          "callStackSkipIndex": 0
        },
        "anonymizeFileLogger": {
          "fileLogger": {
            "category": "debug-file",
            "context": {},
            "callStackSkipIndex": 0
          }
        }
      }
    },
    {
      "head": {
        "id": "f7734c67-40bc-4a8c-b970-2a7aed9cb987",
        "name": "\"afterNodeEvaluate\" hook function",
        "description": "",
        "type": "log"
      },
      "body": {
        "pid": 11044,
        "tid": "Main Thread",
        "startTime": 2045022863700,
        "endTime": 2045022871400
      },
      "additional": {
        "logType": "info",
        "children": [],
        "durationId": "ad5ddfc3-739a-454e-a1f4-0d46bcd88edc",
        "parent": "a0ec3b0c-4f5b-411b-911c-685fa9324460"
      }
    },
    {
      "head": {
        "id": "a0ec3b0c-4f5b-411b-911c-685fa9324460",
        "name": "eval project",
        "description": "",
        "type": "log"
      },
      "body": {
        "pid": 11044,
        "tid": "Main Thread",
        "startTime": 2044977848000,
        "endTime": 2045022876100
      },
      "additional": {
        "logType": "info",
        "children": [
          "4ac224b4-0554-49e4-9e72-a2b049bb9905",
          "235f7e36-d31b-4601-8e45-633aeef46cf7",
          "f7734c67-40bc-4a8c-b970-2a7aed9cb987"
        ],
        "durationId": "146b2bcc-aefe-41cf-b411-cfb4c32e16f7",
        "parent": "5f1983f4-620a-429d-9300-4ee9fb96d350"
      }
    },
    {
      "head": {
        "id": "2a467b5f-13e3-4ade-9add-90e7c2adde29",
        "name": "eval submodule",
        "description": "Evaluate submodule.",
        "type": "duration"
      },
      "body": {
        "pid": 11044,
        "tid": "Main Thread",
        "startTime": 2045022891500,
        "endTime": 2045035887900
      },
      "additional": {
        "children": [
          "9ba88595-e5bc-4b40-8333-d2d7d68e805f",
          "901714fe-aa7b-4df0-962c-d445a2f26a72",
          "fc2d2ef7-5018-45bf-bce1-b0deea936e19"
        ],
        "state": "success",
        "targetName": "",
        "moduleName": "",
        "category": "",
        "taskRunReasons": [],
        "parent": "9a4cee4f-76a5-448a-b747-fd3e26c9a156",
        "logId": "00a4c83a-a9e1-49ba-80fe-1e5a1df09297"
      },
      "log": {
        "_logger": {
          "category": "DurationEvent",
          "context": {},
          "callStackSkipIndex": 0
        },
        "_filelogger": {
          "category": "debug-file",
          "context": {},
          "callStackSkipIndex": 0
        },
        "anonymizeFileLogger": {
          "fileLogger": {
            "category": "debug-file",
            "context": {},
            "callStackSkipIndex": 0
          }
        }
      }
    },
    {
      "head": {
        "id": "9ba88595-e5bc-4b40-8333-d2d7d68e805f",
        "name": "\"beforeNodeEvaluate\" hook function",
        "description": "",
        "type": "duration"
      },
      "body": {
        "pid": 11044,
        "tid": "Main Thread",
        "startTime": 2045022939400,
        "endTime": 2045022942800
      },
      "additional": {
        "children": [],
        "state": "success",
        "targetName": "",
        "moduleName": "",
        "category": "",
        "taskRunReasons": [],
        "parent": "2a467b5f-13e3-4ade-9add-90e7c2adde29",
        "logId": "10766114-d450-4164-95c7-7bebdd022cca"
      },
      "log": {
        "_logger": {
          "category": "DurationEvent",
          "context": {},
          "callStackSkipIndex": 0
        },
        "_filelogger": {
          "category": "debug-file",
          "context": {},
          "callStackSkipIndex": 0
        },
        "anonymizeFileLogger": {
          "fileLogger": {
            "category": "debug-file",
            "context": {},
            "callStackSkipIndex": 0
          }
        }
      }
    },
    {
      "head": {
        "id": "10766114-d450-4164-95c7-7bebdd022cca",
        "name": "\"beforeNodeEvaluate\" hook function",
        "description": "",
        "type": "log"
      },
      "body": {
        "pid": 11044,
        "tid": "Main Thread",
        "startTime": 2045022939400,
        "endTime": 2045022942800
      },
      "additional": {
        "logType": "info",
        "children": [],
        "durationId": "9ba88595-e5bc-4b40-8333-d2d7d68e805f",
        "parent": "00a4c83a-a9e1-49ba-80fe-1e5a1df09297"
      }
    },
    {
      "head": {
        "id": "901714fe-aa7b-4df0-962c-d445a2f26a72",
        "name": "eval hvigorfile",
        "description": "Evaluate hvigorfile.",
        "type": "duration"
      },
      "body": {
        "pid": 11044,
        "tid": "Main Thread",
        "startTime": 2045023077000,
        "endTime": 2045035606600
      },
      "additional": {
        "children": [
          "ca78e45c-8e9e-4de0-9b3f-976dd578157b",
          "d228a533-72b7-419b-9d62-e2b915137653"
        ],
        "state": "success",
        "targetName": "",
        "moduleName": "",
        "category": "",
        "taskRunReasons": [],
        "parent": "2a467b5f-13e3-4ade-9add-90e7c2adde29",
        "logId": "b28f1cc8-173f-4ed2-a117-20dce9ed8931"
      },
      "log": {
        "_logger": {
          "category": "DurationEvent",
          "context": {},
          "callStackSkipIndex": 0
        },
        "_filelogger": {
          "category": "debug-file",
          "context": {},
          "callStackSkipIndex": 0
        },
        "anonymizeFileLogger": {
          "fileLogger": {
            "category": "debug-file",
            "context": {},
            "callStackSkipIndex": 0
          }
        }
      }
    },
    {
      "head": {
        "id": "ca78e45c-8e9e-4de0-9b3f-976dd578157b",
        "name": "require hvigorfile",
        "description": "Require hvigorfile.",
        "type": "duration"
      },
      "body": {
        "pid": 11044,
        "tid": "Main Thread",
        "startTime": 2045023077300,
        "endTime": 2045025835500
      },
      "additional": {
        "children": [],
        "state": "success",
        "targetName": "",
        "moduleName": "",
        "category": "",
        "taskRunReasons": [],
        "parent": "901714fe-aa7b-4df0-962c-d445a2f26a72",
        "logId": "34c2e1c5-062d-4773-8999-86709ee5e97e"
      },
      "log": {
        "_logger": {
          "category": "DurationEvent",
          "context": {},
          "callStackSkipIndex": 0
        },
        "_filelogger": {
          "category": "debug-file",
          "context": {},
          "callStackSkipIndex": 0
        },
        "anonymizeFileLogger": {
          "fileLogger": {
            "category": "debug-file",
            "context": {},
            "callStackSkipIndex": 0
          }
        }
      }
    },
    {
      "head": {
        "id": "d228a533-72b7-419b-9d62-e2b915137653",
        "name": "bind plugins",
        "description": "Bind plugins.",
        "type": "duration"
      },
      "body": {
        "pid": 11044,
        "tid": "Main Thread",
        "startTime": 2045025847600,
        "endTime": 2045035592400
      },
      "additional": {
        "children": [],
        "state": "success",
        "targetName": "",
        "moduleName": "",
        "category": "",
        "taskRunReasons": [],
        "parent": "901714fe-aa7b-4df0-962c-d445a2f26a72",
        "logId": "076e3754-bb49-4b50-913f-c8ad1e1502c3"
      },
      "log": {
        "_logger": {
          "category": "DurationEvent",
          "context": {},
          "callStackSkipIndex": 0
        },
        "_filelogger": {
          "category": "debug-file",
          "context": {},
          "callStackSkipIndex": 0
        },
        "anonymizeFileLogger": {
          "fileLogger": {
            "category": "debug-file",
            "context": {},
            "callStackSkipIndex": 0
          }
        }
      }
    },
    {
      "head": {
        "id": "a90b1180-b6de-4d84-925a-f79bc1297f63",
        "name": "hvigorfile, resolving D:\\devecostudio-windows-6.0.1.251\\devecostudio-windows-6.0.1.251\\LostFound\\entry\\hvigorfile.ts",
        "description": "",
        "type": "log"
      },
      "body": {
        "pid": 11044,
        "tid": "Main Thread",
        "startTime": 2045023079600
      },
      "additional": {
        "logType": "debug",
        "children": []
      }
    },
    {
      "head": {
        "id": "6773da8f-2585-4665-9faa-22bf32396e48",
        "name": "hvigorfile, require result:  { default: { system: [Function: hapTasks], plugins: [] } }",
        "description": "",
        "type": "log"
      },
      "body": {
        "pid": 11044,
        "tid": "Main Thread",
        "startTime": 2045025746200
      },
      "additional": {
        "logType": "debug",
        "children": []
      }
    },
    {
      "head": {
        "id": "34c2e1c5-062d-4773-8999-86709ee5e97e",
        "name": "require hvigorfile",
        "description": "",
        "type": "log"
      },
      "body": {
        "pid": 11044,
        "tid": "Main Thread",
        "startTime": 2045023077300,
        "endTime": 2045025835500
      },
      "additional": {
        "logType": "info",
        "children": [],
        "durationId": "ca78e45c-8e9e-4de0-9b3f-976dd578157b",
        "parent": "b28f1cc8-173f-4ed2-a117-20dce9ed8931"
      }
    },
    {
      "head": {
        "id": "f011d0c3-e78b-46ed-9f48-ca7fbc1442dc",
        "name": "hvigorfile, binding system plugins [Function: hapTasks]",
        "description": "",
        "type": "log"
      },
      "body": {
        "pid": 11044,
        "tid": "Main Thread",
        "startTime": 2045025858000
      },
      "additional": {
        "logType": "debug",
        "children": []
      }
    },
    {
      "head": {
        "id": "4e6cbc21-394f-41cd-9493-46224865c916",
        "name": "failed to load cangjie to dynamically generate schemas: Error: Cannot find module '@ohos/cangjie-build-support/index'\nRequire stack:\n- D:\\devecostudio-windows-6.0.1.251\\devecostudio-windows-6.0.1.251\\DevEco Studio\\tools\\hvigor\\hvigor-ohos-plugin\\src\\plugin\\factory\\plugin-factory.js\n- D:\\devecostudio-windows-6.0.1.251\\devecostudio-windows-6.0.1.251\\DevEco Studio\\tools\\hvigor\\hvigor-ohos-plugin\\index.js\n- D:\\devecostudio-windows-6.0.1.251\\devecostudio-windows-6.0.1.251\\LostFound\\hvigorfile.ts\n- D:\\devecostudio-windows-6.0.1.251\\devecostudio-windows-6.0.1.251\\DevEco Studio\\tools\\hvigor\\hvigor\\src\\base\\internal\\lifecycle\\configuration.js\n- D:\\devecostudio-windows-6.0.1.251\\devecostudio-windows-6.0.1.251\\DevEco Studio\\tools\\hvigor\\hvigor\\src\\base\\boot\\index.js\n- D:\\devecostudio-windows-6.0.1.251\\devecostudio-windows-6.0.1.251\\DevEco Studio\\tools\\hvigor\\hvigor\\src\\base\\daemon\\cluster\\worker-process-lifecycle.js\n- D:\\devecostudio-windows-6.0.1.251\\devecostudio-windows-6.0.1.251\\DevEco Studio\\tools\\hvigor\\hvigor\\src\\base\\daemon\\process\\daemon-process-boot-script.js",
        "description": "",
        "type": "log"
      },
      "body": {
        "pid": 11044,
        "tid": "Main Thread",
        "startTime": 2045026675200
      },
      "additional": {
        "logType": "debug",
        "children": []
      }
    },
    {
      "head": {
        "id": "9e0577c2-d4a0-459f-9b17-13f22e3a639e",
        "name": "Start initialize module-target build option map, moduleName=entry, buildMode=debug",
        "description": "",
        "type": "log"
      },
      "body": {
        "pid": 11044,
        "tid": "Main Thread",
        "startTime": 2045032474000
      },
      "additional": {
        "logType": "debug",
        "children": []
      }
    },
    {
      "head": {
        "id": "09be4093-0d2b-4cc5-a1b6-c1ef9e970b99",
        "name": "Target 'default' config initialized",
        "description": "",
        "type": "log"
      },
      "body": {
        "pid": 11044,
        "tid": "Main Thread",
        "startTime": 2045032615500
      },
      "additional": {
        "logType": "debug",
        "children": []
      }
    },
    {
      "head": {
        "id": "f19e3d17-42c2-4fa4-8620-6a6b4a02cc92",
        "name": "Target 'ohosTest' config initialized",
        "description": "",
        "type": "log"
      },
      "body": {
        "pid": 11044,
        "tid": "Main Thread",
        "startTime": 2045032804500
      },
      "additional": {
        "logType": "debug",
        "children": []
      }
    },
    {
      "head": {
        "id": "aa51437a-4f5b-42dd-9b26-f254276aa82d",
        "name": "Module 'entry' target 'default' build option initialized",
        "description": "",
        "type": "log"
      },
      "body": {
        "pid": 11044,
        "tid": "Main Thread",
        "startTime": 2045032910300
      },
      "additional": {
        "logType": "debug",
        "children": []
      }
    },
    {
      "head": {
        "id": "276876ae-db5d-4c21-9119-049f209a456b",
        "name": "Module 'entry' target 'ohosTest' build option initialized",
        "description": "",
        "type": "log"
      },
      "body": {
        "pid": 11044,
        "tid": "Main Thread",
        "startTime": 2045032947000
      },
      "additional": {
        "logType": "debug",
        "children": []
      }
    },
    {
      "head": {
        "id": "9062cebc-3d25-4bb8-bfc4-53e485579a8b",
        "name": "End initialize module-target build option map, moduleName=entry",
        "description": "",
        "type": "log"
      },
      "body": {
        "pid": 11044,
        "tid": "Main Thread",
        "startTime": 2045032973000
      },
      "additional": {
        "logType": "debug",
        "children": []
      }
    },
    {
      "head": {
        "id": "e804ba2b-c8c7-442b-9625-6c5b41ca1dcc",
        "name": "Start initialize module-target build option map, moduleName=entry, buildMode=release",
        "description": "",
        "type": "log"
      },
      "body": {
        "pid": 11044,
        "tid": "Main Thread",
        "startTime": 2045033014800
      },
      "additional": {
        "logType": "debug",
        "children": []
      }
    },
    {
      "head": {
        "id": "0531ead8-d2f1-42af-8abd-d2b63579707d",
        "name": "Target 'default' config initialized",
        "description": "",
        "type": "log"
      },
      "body": {
        "pid": 11044,
        "tid": "Main Thread",
        "startTime": 2045033046900
      },
      "additional": {
        "logType": "debug",
        "children": []
      }
    },
    {
      "head": {
        "id": "fe1ce17e-a542-4b7b-ae5f-2cd39134c356",
        "name": "Target 'ohosTest' config initialized",
        "description": "",
        "type": "log"
      },
      "body": {
        "pid": 11044,
        "tid": "Main Thread",
        "startTime": 2045033202200
      },
      "additional": {
        "logType": "debug",
        "children": []
      }
    },
    {
      "head": {
        "id": "c06b12cc-b208-4f74-be76-8ee572e85c4c",
        "name": "Module 'entry' target 'default' build option initialized",
        "description": "",
        "type": "log"
      },
      "body": {
        "pid": 11044,
        "tid": "Main Thread",
        "startTime": 2045033285300
      },
      "additional": {
        "logType": "debug",
        "children": []
      }
    },
    {
      "head": {
        "id": "78280559-db30-4bcb-a7c1-3620224b2b2d",
        "name": "Module 'entry' target 'ohosTest' build option initialized",
        "description": "",
        "type": "log"
      },
      "body": {
        "pid": 11044,
        "tid": "Main Thread",
        "startTime": 2045033317200
      },
      "additional": {
        "logType": "debug",
        "children": []
      }
    },
    {
      "head": {
        "id": "bf2f1ca3-4fc7-4a24-b778-7051d22adb74",
        "name": "End initialize module-target build option map, moduleName=entry",
        "description": "",
        "type": "log"
      },
      "body": {
        "pid": 11044,
        "tid": "Main Thread",
        "startTime": 2045033342200
      },
      "additional": {
        "logType": "debug",
        "children": []
      }
    },
    {
      "head": {
        "id": "e0521c63-dd61-42a0-a70a-7796871693b0",
        "name": "Start initialize module-target build option map, moduleName=entry, buildMode=debug",
        "description": "",
        "type": "log"
      },
      "body": {
        "pid": 11044,
        "tid": "Main Thread",
        "startTime": 2045033387300
      },
      "additional": {
        "logType": "debug",
        "children": []
      }
    },
    {
      "head": {
        "id": "f1497518-35f6-40fc-b87f-80dc203f241b",
        "name": "Target 'default' config initialized",
        "description": "",
        "type": "log"
      },
      "body": {
        "pid": 11044,
        "tid": "Main Thread",
        "startTime": 2045033417600
      },
      "additional": {
        "logType": "debug",
        "children": []
      }
    },
    {
      "head": {
        "id": "7f2060a0-7dc9-4dcb-b3d1-4a4d7bee1fba",
        "name": "Target 'ohosTest' config initialized",
        "description": "",
        "type": "log"
      },
      "body": {
        "pid": 11044,
        "tid": "Main Thread",
        "startTime": 2045033501200
      },
      "additional": {
        "logType": "debug",
        "children": []
      }
    },
    {
      "head": {
        "id": "c19dae52-9ee4-49f1-bb3c-be5f9ff9e4c6",
        "name": "Module 'entry' target 'default' build option initialized",
        "description": "",
        "type": "log"
      },
      "body": {
        "pid": 11044,
        "tid": "Main Thread",
        "startTime": 2045034176400
      },
      "additional": {
        "logType": "debug",
        "children": []
      }
    },
    {
      "head": {
        "id": "b168de2d-4942-4ca5-a6e7-bb16898ce42c",
        "name": "Module 'entry' target 'ohosTest' build option initialized",
        "description": "",
        "type": "log"
      },
      "body": {
        "pid": 11044,
        "tid": "Main Thread",
        "startTime": 2045034228900
      },
      "additional": {
        "logType": "debug",
        "children": []
      }
    },
    {
      "head": {
        "id": "5d280325-fe7a-4cb4-af0d-bdbbfe9c75c4",
        "name": "End initialize module-target build option map, moduleName=entry",
        "description": "",
        "type": "log"
      },
      "body": {
        "pid": 11044,
        "tid": "Main Thread",
        "startTime": 2045034255700
      },
      "additional": {
        "logType": "debug",
        "children": []
      }
    },
    {
      "head": {
        "id": "0d88bfd9-b69e-41d8-949b-6f2655bfb0ff",
        "name": "Obtain build option for module 'entry' target 'default'in this build.",
        "description": "",
        "type": "log"
      },
      "body": {
        "pid": 11044,
        "tid": "Main Thread",
        "startTime": 2045034288600
      },
      "additional": {
        "logType": "debug",
        "children": []
      }
    },
    {
      "head": {
        "id": "6374afe5-955e-40b8-85d8-6b07ec4f345e",
        "name": "Module entry task initialization takes 1 ms ",
        "description": "",
        "type": "log"
      },
      "body": {
        "pid": 11044,
        "tid": "Main Thread",
        "startTime": 2045035355800
      },
      "additional": {
        "logType": "debug",
        "children": []
      }
    },
    {
      "head": {
        "id": "2b59bbd1-c2cd-4c26-bac7-7ac92a2c898d",
        "name": "hvigorfile, binding custom plugins []",
        "description": "",
        "type": "log"
      },
      "body": {
        "pid": 11044,
        "tid": "Main Thread",
        "startTime": 2045035471700
      },
      "additional": {
        "logType": "debug",
        "children": []
      }
    },
    {
      "head": {
        "id": "92ecfaa1-fda7-4acc-8a6c-96eb96000aec",
        "name": "hvigorfile, no custom plugins were found in D:\\devecostudio-windows-6.0.1.251\\devecostudio-windows-6.0.1.251\\LostFound\\entry\\hvigorfile.ts",
        "description": "",
        "type": "log"
      },
      "body": {
        "pid": 11044,
        "tid": "Main Thread",
        "startTime": 2045035514100
      },
      "additional": {
        "logType": "debug",
        "children": []
      }
    },
    {
      "head": {
        "id": "60700708-a3c2-44e0-b9ee-8915236aef7d",
        "name": "hvigorfile, resolve finished D:\\devecostudio-windows-6.0.1.251\\devecostudio-windows-6.0.1.251\\LostFound\\entry\\hvigorfile.ts",
        "description": "",
        "type": "log"
      },
      "body": {
        "pid": 11044,
        "tid": "Main Thread",
        "startTime": 2045035548400
      },
      "additional": {
        "logType": "debug",
        "children": []
      }
    },
    {
      "head": {
        "id": "076e3754-bb49-4b50-913f-c8ad1e1502c3",
        "name": "bind plugins",
        "description": "",
        "type": "log"
      },
      "body": {
        "pid": 11044,
        "tid": "Main Thread",
        "startTime": 2045025847600,
        "endTime": 2045035592400
      },
      "additional": {
        "logType": "info",
        "children": [],
        "durationId": "d228a533-72b7-419b-9d62-e2b915137653",
        "parent": "b28f1cc8-173f-4ed2-a117-20dce9ed8931"
      }
    },
    {
      "head": {
        "id": "b28f1cc8-173f-4ed2-a117-20dce9ed8931",
        "name": "eval hvigorfile",
        "description": "",
        "type": "log"
      },
      "body": {
        "pid": 11044,
        "tid": "Main Thread",
        "startTime": 2045023077000,
        "endTime": 2045035606600
      },
      "additional": {
        "logType": "info",
        "children": [
          "34c2e1c5-062d-4773-8999-86709ee5e97e",
          "076e3754-bb49-4b50-913f-c8ad1e1502c3"
        ],
        "durationId": "901714fe-aa7b-4df0-962c-d445a2f26a72",
        "parent": "00a4c83a-a9e1-49ba-80fe-1e5a1df09297"
      }
    },
    {
      "head": {
        "id": "fc2d2ef7-5018-45bf-bce1-b0deea936e19",
        "name": "\"afterNodeEvaluate\" hook function",
        "description": "",
        "type": "duration"
      },
      "body": {
        "pid": 11044,
        "tid": "Main Thread",
        "startTime": 2045035868900,
        "endTime": 2045035878500
      },
      "additional": {
        "children": [],
        "state": "success",
        "targetName": "",
        "moduleName": "",
        "category": "",
        "taskRunReasons": [],
        "parent": "2a467b5f-13e3-4ade-9add-90e7c2adde29",
        "logId": "66a5b1dd-0ad9-417d-b3e9-53cf560806d5"
      },
      "log": {
        "_logger": {
          "category": "DurationEvent",
          "context": {},
          "callStackSkipIndex": 0
        },
        "_filelogger": {
          "category": "debug-file",
          "context": {},
          "callStackSkipIndex": 0
        },
        "anonymizeFileLogger": {
          "fileLogger": {
            "category": "debug-file",
            "context": {},
            "callStackSkipIndex": 0
          }
        }
      }
    },
    {
      "head": {
        "id": "66a5b1dd-0ad9-417d-b3e9-53cf560806d5",
        "name": "\"afterNodeEvaluate\" hook function",
        "description": "",
        "type": "log"
      },
      "body": {
        "pid": 11044,
        "tid": "Main Thread",
        "startTime": 2045035868900,
        "endTime": 2045035878500
      },
      "additional": {
        "logType": "info",
        "children": [],
        "durationId": "fc2d2ef7-5018-45bf-bce1-b0deea936e19",
        "parent": "00a4c83a-a9e1-49ba-80fe-1e5a1df09297"
      }
    },
    {
      "head": {
        "id": "00a4c83a-a9e1-49ba-80fe-1e5a1df09297",
        "name": "eval submodule",
        "description": "",
        "type": "log"
      },
      "body": {
        "pid": 11044,
        "tid": "Main Thread",
        "startTime": 2045022891500,
        "endTime": 2045035887900
      },
      "additional": {
        "logType": "info",
        "children": [
          "10766114-d450-4164-95c7-7bebdd022cca",
          "b28f1cc8-173f-4ed2-a117-20dce9ed8931",
          "66a5b1dd-0ad9-417d-b3e9-53cf560806d5"
        ],
        "durationId": "2a467b5f-13e3-4ade-9add-90e7c2adde29",
        "parent": "7ae271e0-cd8e-40c1-bdbd-f7241430c853"
      }
    },
    {
      "head": {
        "id": "7ae271e0-cd8e-40c1-bdbd-f7241430c853",
        "name": "eval modules",
        "description": "",
        "type": "log"
      },
      "body": {
        "pid": 11044,
        "tid": "Main Thread",
        "startTime": 2045022885200,
        "endTime": 2045035903400
      },
      "additional": {
        "logType": "info",
        "children": [
          "00a4c83a-a9e1-49ba-80fe-1e5a1df09297"
        ],
        "durationId": "9a4cee4f-76a5-448a-b747-fd3e26c9a156",
        "parent": "5f1983f4-620a-429d-9300-4ee9fb96d350"
      }
    },
    {
      "head": {
        "id": "d9e38c4e-a50c-463d-bf66-07ac5e4b35e9",
        "name": "watch files: [\n  'D:\\\\devecostudio-windows-6.0.1.251\\\\devecostudio-windows-6.0.1.251\\\\LostFound\\\\hvigorfile.ts',\n  'D:\\\\devecostudio-windows-6.0.1.251\\\\devecostudio-windows-6.0.1.251\\\\LostFound\\\\entry\\\\hvigorfile.ts'\n]",
        "description": "",
        "type": "log"
      },
      "body": {
        "pid": 11044,
        "tid": "Main Thread",
        "startTime": 2045050572600
      },
      "additional": {
        "logType": "debug",
        "children": []
      }
    },
    {
      "head": {
        "id": "69643f44-4139-435b-8501-503f8b6f67a6",
        "name": "hvigorfile, resolve hvigorfile dependencies in 16 ms ",
        "description": "",
        "type": "log"
      },
      "body": {
        "pid": 11044,
        "tid": "Main Thread",
        "startTime": 2045050982600
      },
      "additional": {
        "logType": "debug",
        "children": []
      }
    },
    {
      "head": {
        "id": "e93386bb-e1e8-4e1b-ba5c-838ccb51415b",
        "name": "add config dependencies",
        "description": "",
        "type": "log"
      },
      "body": {
        "pid": 11044,
        "tid": "Main Thread",
        "startTime": 2045035908900,
        "endTime": 2045051060000
      },
      "additional": {
        "logType": "info",
        "children": [],
        "durationId": "be6530a1-dd8e-43e9-bf06-acf5ab72cd33",
        "parent": "5f1983f4-620a-429d-9300-4ee9fb96d350"
      }
    },
    {
      "head": {
        "id": "edc116ad-6310-4d69-b0fe-a6a6c8a8f18a",
        "name": "\"nodesEvaluated\" hook function",
        "description": "",
        "type": "duration"
      },
      "body": {
        "pid": 11044,
        "tid": "Main Thread",
        "startTime": 2045051086800,
        "endTime": 2045051234500
      },
      "additional": {
        "children": [],
        "state": "success",
        "targetName": "",
        "moduleName": "",
        "category": "",
        "taskRunReasons": [],
        "parent": "8015c9a0-0c5a-48b7-81dd-5f5ef0cdefe0",
        "logId": "90f85f33-d5bb-40ea-9c6e-a0338fc911cc"
      },
      "log": {
        "_logger": {
          "category": "DurationEvent",
          "context": {},
          "callStackSkipIndex": 0
        },
        "_filelogger": {
          "category": "debug-file",
          "context": {},
          "callStackSkipIndex": 0
        },
        "anonymizeFileLogger": {
          "fileLogger": {
            "category": "debug-file",
            "context": {},
            "callStackSkipIndex": 0
          }
        }
      }
    },
    {
      "head": {
        "id": "e7efbcba-13cf-4a95-a9d2-90c7054b0138",
        "name": "project has submodules:entry",
        "description": "",
        "type": "log"
      },
      "body": {
        "pid": 11044,
        "tid": "Main Thread",
        "startTime": 2045051106000
      },
      "additional": {
        "logType": "debug",
        "children": []
      }
    },
    {
      "head": {
        "id": "90f85f33-d5bb-40ea-9c6e-a0338fc911cc",
        "name": "\"nodesEvaluated\" hook function",
        "description": "",
        "type": "log"
      },
      "body": {
        "pid": 11044,
        "tid": "Main Thread",
        "startTime": 2045051086800,
        "endTime": 2045051234500
      },
      "additional": {
        "logType": "info",
        "children": [],
        "durationId": "edc116ad-6310-4d69-b0fe-a6a6c8a8f18a",
        "parent": "5f1983f4-620a-429d-9300-4ee9fb96d350"
      }
    },
    {
      "head": {
        "id": "41fcd5b2-fba3-4bd8-94d4-ff432ca7c33c",
        "name": "start to load updatedOhPackageInfo to the disk",
        "description": "",
        "type": "log"
      },
      "body": {
        "pid": 11044,
        "tid": "Main Thread",
        "startTime": 2045052010900
      },
      "additional": {
        "logType": "debug",
        "children": []
      }
    },
    {
      "head": {
        "id": "da5d1578-2cfb-4cab-8af1-3005041da195",
        "name": "load to the disk finished",
        "description": "",
        "type": "log"
      },
      "body": {
        "pid": 11044,
        "tid": "Main Thread",
        "startTime": 2045054739900
      },
      "additional": {
        "logType": "debug",
        "children": []
      }
    },
    {
      "head": {
        "id": "c03d3fda-4b27-4769-81e1-28cdaa26a846",
        "name": "ohpm install",
        "description": "",
        "type": "log"
      },
      "body": {
        "pid": 11044,
        "tid": "Main Thread",
        "startTime": 2045051242300,
        "endTime": 2045055344200
      },
      "additional": {
        "logType": "info",
        "children": [],
        "durationId": "98b6b08a-4859-4706-b864-df9d93b07808",
        "parent": "5f1983f4-620a-429d-9300-4ee9fb96d350"
      }
    },
    {
      "head": {
        "id": "53d36daf-a89a-4b1b-a405-9289c66c7899",
        "name": "Start to initialize dependency information.",
        "description": "",
        "type": "log"
      },
      "body": {
        "pid": 11044,
        "tid": "Main Thread",
        "startTime": 2045055399500
      },
      "additional": {
        "logType": "debug",
        "children": []
      }
    },
    {
      "head": {
        "id": "42211f8d-d1ed-4455-ac50-6c1597acbc62",
        "name": "Module LostFound Collected Dependency: ",
        "description": "",
        "type": "log"
      },
      "body": {
        "pid": 11044,
        "tid": "Main Thread",
        "startTime": 2045059037500
      },
      "additional": {
        "logType": "debug",
        "children": []
      }
    },
    {
      "head": {
        "id": "574691e1-0e0a-4b85-a3bc-a2dfcd08333e",
        "name": "Module LostFound's total dependency: 0",
        "description": "",
        "type": "log"
      },
      "body": {
        "pid": 11044,
        "tid": "Main Thread",
        "startTime": 2045059146300
      },
      "additional": {
        "logType": "debug",
        "children": []
      }
    },
    {
      "head": {
        "id": "a517ad94-00be-4423-bb49-f666c78c1310",
        "name": "Start to initialize dependency information.",
        "description": "",
        "type": "log"
      },
      "body": {
        "pid": 11044,
        "tid": "Main Thread",
        "startTime": 2045059577400
      },
      "additional": {
        "logType": "debug",
        "children": []
      }
    },
    {
      "head": {
        "id": "3586fd1f-25f7-405a-847e-2452d9fa75e1",
        "name": "Module entry Collected Dependency: ",
        "description": "",
        "type": "log"
      },
      "body": {
        "pid": 11044,
        "tid": "Main Thread",
        "startTime": 2045061373000
      },
      "additional": {
        "logType": "debug",
        "children": []
      }
    },
    {
      "head": {
        "id": "32f37059-8e4e-4f40-b3e1-81b2bf886549",
        "name": "Module entry's total dependency: 0",
        "description": "",
        "type": "log"
      },
      "body": {
        "pid": 11044,
        "tid": "Main Thread",
        "startTime": 2045061458700
      },
      "additional": {
        "logType": "debug",
        "children": []
      }
    },
    {
      "head": {
        "id": "0fcd148a-5b59-4ce7-b8fb-156745d60692",
        "name": "eval hook",
        "description": "",
        "type": "log"
      },
      "body": {
        "pid": 11044,
        "tid": "Main Thread",
        "startTime": 2045055377000,
        "endTime": 2045062371100
      },
      "additional": {
        "logType": "info",
        "children": [],
        "durationId": "f59c7471-d48a-48bb-9240-83e0f08baf32",
        "parent": "5f1983f4-620a-429d-9300-4ee9fb96d350"
      }
    },
    {
      "head": {
        "id": "5d628bab-1d99-430d-a94e-b2f798932332",
        "name": "Configuration phase cost:85 ms ",
        "description": "",
        "type": "log"
      },
      "body": {
        "pid": 11044,
        "tid": "Main Thread",
        "startTime": 2045062405100
      },
      "additional": {
        "logType": "debug",
        "children": []
      }
    },
    {
      "head": {
        "id": "a5c40255-c632-411a-a1eb-dddd364887b4",
        "name": "fin configuration",
        "description": "",
        "type": "log"
      },
      "body": {
        "pid": 11044,
        "tid": "Main Thread",
        "startTime": 2045062387300,
        "endTime": 2045062487300
      },
      "additional": {
        "logType": "info",
        "children": [],
        "durationId": "a3a19e77-d497-41e3-ab94-603328c7c45a",
        "parent": "5f1983f4-620a-429d-9300-4ee9fb96d350"
      }
    },
    {
      "head": {
        "id": "5f1983f4-620a-429d-9300-4ee9fb96d350",
        "name": "configure hvigor plugin",
        "description": "",
        "type": "log"
      },
      "body": {
        "pid": 11044,
        "tid": "Main Thread",
        "startTime": 2044977438500,
        "endTime": 2045062497600
      },
      "additional": {
        "logType": "info",
        "children": [
          "bfa87371-9186-4301-a940-23fab062e199",
          "86e829b8-1746-481e-ab63-87a18e25fd24",
          "a0ec3b0c-4f5b-411b-911c-685fa9324460",
          "7ae271e0-cd8e-40c1-bdbd-f7241430c853",
          "e93386bb-e1e8-4e1b-ba5c-838ccb51415b",
          "c03d3fda-4b27-4769-81e1-28cdaa26a846",
          "0fcd148a-5b59-4ce7-b8fb-156745d60692",
          "a5c40255-c632-411a-a1eb-dddd364887b4",
          "90f85f33-d5bb-40ea-9c6e-a0338fc911cc"
        ],
        "durationId": "8015c9a0-0c5a-48b7-81dd-5f5ef0cdefe0",
        "parent": "26501bc3-5527-4656-a43b-0309524d2bcc"
      }
    },
    {
      "head": {
        "id": "51c70b89-04eb-4576-84ce-8ea8607905ef",
        "name": "\"taskGraphResolved\" hook function",
        "description": "",
        "type": "duration"
      },
      "body": {
        "pid": 11044,
        "tid": "Main Thread",
        "startTime": 2045062934200,
        "endTime": 2045062942800
      },
      "additional": {
        "children": [],
        "state": "success",
        "targetName": "",
        "moduleName": "",
        "category": "",
        "taskRunReasons": [],
        "parent": "3872ad90-eb60-4683-8ac8-4dfa43656361",
        "logId": "0f539416-26f6-4060-a454-9edcfa103bdc"
      },
      "log": {
        "_logger": {
          "category": "DurationEvent",
          "context": {},
          "callStackSkipIndex": 0
        },
        "_filelogger": {
          "category": "debug-file",
          "context": {},
          "callStackSkipIndex": 0
        },
        "anonymizeFileLogger": {
          "fileLogger": {
            "category": "debug-file",
            "context": {},
            "callStackSkipIndex": 0
          }
        }
      }
    },
    {
      "head": {
        "id": "0f539416-26f6-4060-a454-9edcfa103bdc",
        "name": "\"taskGraphResolved\" hook function",
        "description": "",
        "type": "log"
      },
      "body": {
        "pid": 11044,
        "tid": "Main Thread",
        "startTime": 2045062934200,
        "endTime": 2045062942800
      },
      "additional": {
        "logType": "info",
        "children": [],
        "durationId": "51c70b89-04eb-4576-84ce-8ea8607905ef",
        "parent": "26501bc3-5527-4656-a43b-0309524d2bcc"
      }
    },
    {
      "head": {
        "id": "e42bee84-e46b-4709-b4bd-5e7e0a632eca",
        "name": "build task graph",
        "description": "",
        "type": "log"
      },
      "body": {
        "pid": 11044,
        "tid": "Main Thread",
        "startTime": 2045062527800,
        "endTime": 2045062947800
      },
      "additional": {
        "logType": "info",
        "children": [],
        "durationId": "471180b0-b6ae-47c7-a316-86869add41a8",
        "parent": "26501bc3-5527-4656-a43b-0309524d2bcc"
      }
    },
    {
      "head": {
        "id": "be9dac4c-fa93-4556-9aec-1f9705e15cca",
        "name": "init task execution option",
        "description": "",
        "type": "log"
      },
      "body": {
        "pid": 11044,
        "tid": "Main Thread",
        "startTime": 2045062950600,
        "endTime": 2045062964500
      },
      "additional": {
        "logType": "info",
        "children": [],
        "durationId": "d01ecd2f-3afa-4556-aaa0-a5d1de4fd1e4",
        "parent": "26501bc3-5527-4656-a43b-0309524d2bcc"
      }
    },
    {
      "head": {
        "id": "26501bc3-5527-4656-a43b-0309524d2bcc",
        "name": "init",
        "description": "",
        "type": "log"
      },
      "body": {
        "pid": 11044,
        "tid": "Main Thread",
        "startTime": 2044971907800,
        "endTime": 2045062967300
      },
      "additional": {
        "logType": "info",
        "children": [
          "8ea83e06-cba3-414e-b4a6-030e508f58c0",
          "5f1983f4-620a-429d-9300-4ee9fb96d350",
          "e42bee84-e46b-4709-b4bd-5e7e0a632eca",
          "be9dac4c-fa93-4556-9aec-1f9705e15cca",
          "d647d052-e34f-431e-8d3e-97320269e3ab",
          "35405958-e5c6-4b4a-a414-ff851fed9c8b",
          "0f539416-26f6-4060-a454-9edcfa103bdc"
        ],
        "durationId": "3872ad90-eb60-4683-8ac8-4dfa43656361"
      }
    },
    {
      "head": {
        "id": "01854241-75da-41bb-a8ce-3f5543ffdb8f",
        "name": "Configuration task cost before running: 92 ms ",
        "description": "",
        "type": "log"
      },
      "body": {
        "pid": 11044,
        "tid": "Main Thread",
        "startTime": 2045063159300
      },
      "additional": {
        "logType": "debug",
        "children": []
      }
    },
    {
      "head": {
        "id": "ed80e1e7-abb8-48f4-8c18-abd810055c51",
        "name": "entry:default@PreBuild",
        "description": "Pre-build in the stage model.",
        "type": "duration"
      },
      "body": {
        "pid": 11044,
        "tid": "Main Thread",
        "startTime": 2045065825000,
        "endTime": 2045103835100
      },
      "additional": {
        "children": [],
        "state": "failed",
        "targetName": "default",
        "moduleName": "entry",
        "category": "Verification",
        "taskRunReasons": [
          "The input file 'D:\\devecostudio-windows-6.0.1.251\\devecostudio-windows-6.0.1.251\\LostFound\\entry\\src\\main\\module.json5' has been changed."
        ],
        "detailId": "514a9025-f226-4643-a6c8-b12f17de5d02",
        "logId": "2e181b9f-2a7a-48e2-ae93-9609dd52bb21"
      },
      "log": {
        "_logger": {
          "category": "DurationEvent",
          "context": {},
          "callStackSkipIndex": 0
        },
        "_filelogger": {
          "category": "debug-file",
          "context": {},
          "callStackSkipIndex": 0
        },
        "anonymizeFileLogger": {
          "fileLogger": {
            "category": "debug-file",
            "context": {},
            "callStackSkipIndex": 0
          }
        }
      }
    },
    {
      "head": {
        "id": "514a9025-f226-4643-a6c8-b12f17de5d02",
        "name": "create entry:default@PreBuild task",
        "description": "",
        "type": "log"
      },
      "body": {
        "pid": 11044,
        "tid": "Main Thread",
        "startTime": 2045063355800
      },
      "additional": {
        "logType": "detail",
        "children": [],
        "durationId": "ed80e1e7-abb8-48f4-8c18-abd810055c51"
      }
    },
    {
      "head": {
        "id": "daf23ed4-2ed0-46ea-aa03-20c55b8a4ad3",
        "name": "Executing task :entry:default@PreBuild",
        "description": "",
        "type": "log"
      },
      "body": {
        "pid": 11044,
        "tid": "Main Thread",
        "startTime": 2045065836800
      },
      "additional": {
        "logType": "debug",
        "children": []
      }
    },
    {
      "head": {
        "id": "931b463a-d457-47dd-98de-4376755f3da2",
        "name": "Task 'entry:default@PreBuild' cost while wrapping incremental declarations: 1 ms ",
        "description": "",
        "type": "log"
      },
      "body": {
        "pid": 11044,
        "tid": "Main Thread",
        "startTime": 2045066310800
      },
      "additional": {
        "logType": "debug",
        "children": []
      }
    },
    {
      "head": {
        "id": "258b6b94-0966-43e3-a8bc-06d009cc46f9",
        "name": "entry:default@PreBuild is not up-to-date, since the input file 'D:\\devecostudio-windows-6.0.1.251\\devecostudio-windows-6.0.1.251\\LostFound\\entry\\src\\main\\module.json5' has been changed.",
        "description": "",
        "type": "log"
      },
      "body": {
        "pid": 11044,
        "tid": "Main Thread",
        "startTime": 2045069845500
      },
      "additional": {
        "logType": "debug",
        "children": []
      }
    },
    {
      "head": {
        "id": "d5b404c4-82e2-46a7-b284-4d1b5d151174",
        "name": "Incremental task entry:default@PreBuild pre-execution cost: 3 ms .",
        "description": "",
        "type": "log"
      },
      "body": {
        "pid": 11044,
        "tid": "Main Thread",
        "startTime": 2045070014500
      },
      "additional": {
        "logType": "debug",
        "children": []
      }
    },
    {
      "head": {
        "id": "2e181b9f-2a7a-48e2-ae93-9609dd52bb21",
        "name": "Failed :entry:default@PreBuild",
        "description": "Pre-build in the stage model.",
        "type": "log"
      },
      "body": {
        "pid": 11044,
        "tid": "Main Thread",
        "startTime": 2045065825000,
        "endTime": 2045103835100
      },
      "additional": {
        "logType": "error",
        "children": [],
        "durationId": "ed80e1e7-abb8-48f4-8c18-abd810055c51"
      }
    },
    {
      "head": {
        "id": "fd2bd950-42f5-4fa1-bf5b-64bb7d444543",
        "name": "hvigor build process will be closed with an error.",
        "description": "",
        "type": "log"
      },
      "body": {
        "pid": 11044,
        "tid": "Main Thread",
        "startTime": 2045104089300
      },
      "additional": {
        "logType": "debug",
        "children": [],
        "durationId": "ed80e1e7-abb8-48f4-8c18-abd810055c51"
      }
    },
    {
      "head": {
        "id": "c9dfef4e-4d27-4cba-9df4-cbe32d57cc74",
        "name": "\u001b[31m00303038 Configuration Error\r\nError Message: Schema validate failed, at file: D:\\devecostudio-windows-6.0.1.251\\devecostudio-windows-6.0.1.251\\LostFound\\entry\\src\\main\\resources\\base\\profile\\main_pages.json\r\n\r\n* Try the following:\r\n  > Please check the following fields. \r\n {\n  instancePath: '',\n  keyword: 'type',\n  params: { type: 'object' },\n  message: 'must be object',\n  location: 'D:/devecostudio-windows-6.0.1.251/devecostudio-windows-6.0.1.251/LostFound/entry/src/main/resources/base/profile/main_pages.json:1:2'\n} \r\n\r\n\u001b[39m\r\n\r\n\u001b[31m* Try:\r\n> Run with --stacktrace option to get the stack trace.\r\n> Run with --debug option to get more log output.\r\n",
        "description": "",
        "type": "log"
      },
      "body": {
        "pid": 11044,
        "tid": "Main Thread",
        "startTime": 2045104179500
      },
      "additional": {
        "logType": "error",
        "children": [],
        "durationId": "ed80e1e7-abb8-48f4-8c18-abd810055c51"
      }
    },
    {
      "head": {
        "id": "4238755d-3093-4b5c-8471-52dba2c60e1a",
        "name": "ERROR: stacktrace = AdaptorError: \u001b[31m00303038 Configuration Error\r\nError Message: Schema validate failed, at file: D:\\devecostudio-windows-6.0.1.251\\devecostudio-windows-6.0.1.251\\LostFound\\entry\\src\\main\\resources\\base\\profile\\main_pages.json\r\n\r\n* Try the following:\r\n  > Please check the following fields. \r\n {\n  instancePath: '',\n  keyword: 'type',\n  params: { type: 'object' },\n  message: 'must be object',\n  location: 'D:/devecostudio-windows-6.0.1.251/devecostudio-windows-6.0.1.251/LostFound/entry/src/main/resources/base/profile/main_pages.json:1:2'\n} \r\n\r\n\u001b[39m\n    at OhosLogger.printErrorExit (D:\\devecostudio-windows-6.0.1.251\\devecostudio-windows-6.0.1.251\\DevEco Studio\\tools\\hvigor\\hvigor\\src\\base\\log\\hvigor-log.js:1:5069)\n    at ValidateUtil.doSchemaCheck (D:\\devecostudio-windows-6.0.1.251\\devecostudio-windows-6.0.1.251\\DevEco Studio\\tools\\hvigor\\hvigor-ohos-plugin\\src\\utils\\validate\\validate-util.js:1:8147)\n    at ValidateUtil.submitSchemaCheckWork (D:\\devecostudio-windows-6.0.1.251\\devecostudio-windows-6.0.1.251\\DevEco Studio\\tools\\hvigor\\hvigor-ohos-plugin\\src\\utils\\validate\\validate-util.js:1:6998)\n    at PreBuild.pagesJsonValidate (D:\\devecostudio-windows-6.0.1.251\\devecostudio-windows-6.0.1.251\\DevEco Studio\\tools\\hvigor\\hvigor-ohos-plugin\\src\\tasks\\pre-build.js:1:21692)\n    at PreBuild.doValidateForDiffApiType (D:\\devecostudio-windows-6.0.1.251\\devecostudio-windows-6.0.1.251\\DevEco Studio\\tools\\hvigor\\hvigor-ohos-plugin\\src\\tasks\\pre-build.js:1:9700)\n    at PreBuild.doTaskAction (D:\\devecostudio-windows-6.0.1.251\\devecostudio-windows-6.0.1.251\\DevEco Studio\\tools\\hvigor\\hvigor-ohos-plugin\\src\\tasks\\abstract\\abstract-pre-build.js:1:7232)\n    at PreBuild.<anonymous> (D:\\devecostudio-windows-6.0.1.251\\devecostudio-windows-6.0.1.251\\DevEco Studio\\tools\\hvigor\\hvigor-ohos-plugin\\src\\tasks\\task\\ohos-module-task.js:1:2074)\n    at process.processTicksAndRejections (node:internal/process/task_queues:95:5)\n    at async PreBuild.execute (D:\\devecostudio-windows-6.0.1.251\\devecostudio-windows-6.0.1.251\\DevEco Studio\\tools\\hvigor\\hvigor\\src\\base\\external\\task\\core-task-impl.js:1:2191)\n    at async TaskProxy.execute (D:\\devecostudio-windows-6.0.1.251\\devecostudio-windows-6.0.1.251\\DevEco Studio\\tools\\hvigor\\hvigor\\src\\base\\internal\\task\\proxy\\task-proxy.js:1:6131)",
        "description": "",
        "type": "log"
      },
      "body": {
        "pid": 11044,
        "tid": "Main Thread",
        "startTime": 2045104566600
      },
      "additional": {
        "logType": "debug",
        "children": [],
        "durationId": "ed80e1e7-abb8-48f4-8c18-abd810055c51"
      }
    },
    {
      "head": {
        "id": "b1df496c-f598-4a6f-869e-418a7ab317d2",
        "name": "\"buildFinished\" hook function",
        "description": "",
        "type": "duration"
      },
      "body": {
        "pid": 11044,
        "tid": "Main Thread",
        "startTime": 2045108694200,
        "endTime": 2045108801900
      },
      "additional": {
        "children": [],
        "state": "success",
        "targetName": "",
        "moduleName": "",
        "category": "",
        "taskRunReasons": [],
        "parent": "32b93fa7-042c-4b5c-9d7a-22bb3d877dc8",
        "logId": "4394377c-8db0-4994-932d-a3179b704c7b"
      },
      "log": {
        "_logger": {
          "category": "DurationEvent",
          "context": {},
          "callStackSkipIndex": 0
        },
        "_filelogger": {
          "category": "debug-file",
          "context": {},
          "callStackSkipIndex": 0
        },
        "anonymizeFileLogger": {
          "fileLogger": {
            "category": "debug-file",
            "context": {},
            "callStackSkipIndex": 0
          }
        }
      }
    },
    {
      "head": {
        "id": "4394377c-8db0-4994-932d-a3179b704c7b",
        "name": "\"buildFinished\" hook function",
        "description": "",
        "type": "log"
      },
      "body": {
        "pid": 11044,
        "tid": "Main Thread",
        "startTime": 2045108694200,
        "endTime": 2045108801900
      },
      "additional": {
        "logType": "info",
        "children": [],
        "durationId": "b1df496c-f598-4a6f-869e-418a7ab317d2"
      }
    },
    {
      "head": {
        "id": "361ddf63-ab45-4933-848b-675b978c9e8f",
        "name": "PreviewBuild",
        "description": "",
        "type": "mark"
      },
      "body": {
        "pid": 11044,
        "tid": "Main Thread",
        "startTime": 2044971687500,
        "endTime": 2045108902000
      },
      "additional": {
        "time": {
          "year": 2025,
          "month": 12,
          "day": 17,
          "hour": 21,
          "minute": 36,
          "second": 31
        },
        "completeCommand": "{\"mode\":\"module\",\"completeCommand\":\"--mode module -p module=entry@default -p product=default -p previewer.replace.page=pages/Index -p pageType=page -p compileResInc=true -p previewMode=true -p buildRoot=.preview PreviewBuild --watch --analyze=normal --parallel --incremental --daemon\",\"watch\":true,\"parallel\":true,\"prop\":[\"module=entry@default\",\"product=default\",\"previewer.replace.page=pages/Index\",\"pageType=page\",\"compileResInc=true\",\"previewMode=true\",\"buildRoot=.preview\"],\"incremental\":true,\"_\":[\"PreviewBuild\"],\"daemon\":true,\"analyze\":\"normal\"};--mode module -p module=entry@default -p product=default -p previewer.replace.page=pages/Index -p pageType=page -p compileResInc=true -p previewMode=true -p buildRoot=.preview PreviewBuild --watch --analyze=normal --parallel --incremental --daemon",
        "hvigorVersion": "6.21.1",
        "markType": "history",
        "nodeVersion": "v18.20.1",
        "category": "build",
        "state": "failed"
      }
    },
    {
      "head": {
        "id": "bb23d97b-dfe4-4f34-af75-decb2de697db",
        "name": "BUILD FAILED in 138 ms ",
        "description": "",
        "type": "log"
      },
      "body": {
        "pid": 11044,
        "tid": "Main Thread",
        "startTime": 2045108926200
      },
      "additional": {
        "logType": "error",
        "children": []
      }
    },
    {
      "head": {
        "id": "f2f58a8c-5a05-49c0-ad71-e54d7f924824",
        "name": "Update task entry:default@PreBuild input file:D:\\devecostudio-windows-6.0.1.251\\devecostudio-windows-6.0.1.251\\LostFound\\AppScope\\app.json5 cache by regenerate.",
        "description": "",
        "type": "log"
      },
      "body": {
        "pid": 11044,
        "tid": "Main Thread",
        "startTime": 2045109710500
      },
      "additional": {
        "logType": "debug",
        "children": []
      }
    },
    {
      "head": {
        "id": "22c18444-7948-4bdd-bd3b-b174cebfa7a8",
        "name": "Update task entry:default@PreBuild input file:D:\\devecostudio-windows-6.0.1.251\\devecostudio-windows-6.0.1.251\\LostFound\\entry\\src\\main\\module.json5 cache from map.",
        "description": "",
        "type": "log"
      },
      "body": {
        "pid": 11044,
        "tid": "Main Thread",
        "startTime": 2045110047900
      },
      "additional": {
        "logType": "debug",
        "children": []
      }
    },
    {
      "head": {
        "id": "27c6d31c-7d3e-4530-95d0-a02c1608944e",
        "name": "Update task entry:default@PreBuild input file:D:\\devecostudio-windows-6.0.1.251\\devecostudio-windows-6.0.1.251\\LostFound\\build-profile.json5 cache by regenerate.",
        "description": "",
        "type": "log"
      },
      "body": {
        "pid": 11044,
        "tid": "Main Thread",
        "startTime": 2045110133500
      },
      "additional": {
        "logType": "debug",
        "children": []
      }
    },
    {
      "head": {
        "id": "c98d0537-2786-4a9e-b5b0-097404f9981f",
        "name": "Update task entry:default@PreBuild input file:D:\\devecostudio-windows-6.0.1.251\\devecostudio-windows-6.0.1.251\\LostFound\\entry\\build-profile.json5 cache by regenerate.",
        "description": "",
        "type": "log"
      },
      "body": {
        "pid": 11044,
        "tid": "Main Thread",
        "startTime": 2045110894200
      },
      "additional": {
        "logType": "debug",
        "children": []
      }
    },
    {
      "head": {
        "id": "938448e1-2646-4f62-903b-3aeec4e3027c",
        "name": "Update task entry:default@PreBuild input file:D:\\devecostudio-windows-6.0.1.251\\devecostudio-windows-6.0.1.251\\LostFound\\entry\\src\\main\\resources\\base\\profile\\main_pages.json cache by regenerate.",
        "description": "",
        "type": "log"
      },
      "body": {
        "pid": 11044,
        "tid": "Main Thread",
        "startTime": 2045111116200
      },
      "additional": {
        "logType": "debug",
        "children": []
      }
    },
    {
      "head": {
        "id": "4470b3b2-0d63-47f6-a94a-2e0856afb5d9",
        "name": "Update task entry:default@PreBuild input file:D:\\devecostudio-windows-6.0.1.251\\devecostudio-windows-6.0.1.251\\LostFound\\hvigor\\hvigor-config.json5 cache by regenerate.",
        "description": "",
        "type": "log"
      },
      "body": {
        "pid": 11044,
        "tid": "Main Thread",
        "startTime": 2045111348800
      },
      "additional": {
        "logType": "debug",
        "children": []
      }
    },
    {
      "head": {
        "id": "8544eebf-e154-4499-9e9f-37206fa8b390",
        "name": "Update task entry:default@PreBuild input file:D:\\devecostudio-windows-6.0.1.251\\devecostudio-windows-6.0.1.251\\LostFound\\entry\\src\\mock\\mock-config.json5 cache by regenerate.",
        "description": "",
        "type": "log"
      },
      "body": {
        "pid": 11044,
        "tid": "Main Thread",
        "startTime": 2045111657500
      },
      "additional": {
        "logType": "debug",
        "children": []
      }
    },
    {
      "head": {
        "id": "eccf6d05-c933-4227-a356-41f892577c0f",
        "name": "Update task entry:default@PreBuild input file:D:\\devecostudio-windows-6.0.1.251\\devecostudio-windows-6.0.1.251\\LostFound\\entry\\oh-package.json5 cache by regenerate.",
        "description": "",
        "type": "log"
      },
      "body": {
        "pid": 11044,
        "tid": "Main Thread",
        "startTime": 2045111973100
      },
      "additional": {
        "logType": "debug",
        "children": []
      }
    },
    {
      "head": {
        "id": "5c894f01-e804-45d1-b170-9e2505973449",
        "name": "Update task entry:default@PreBuild input file:D:\\devecostudio-windows-6.0.1.251\\devecostudio-windows-6.0.1.251\\LostFound\\oh-package.json5 cache by regenerate.",
        "description": "",
        "type": "log"
      },
      "body": {
        "pid": 11044,
        "tid": "Main Thread",
        "startTime": 2045112145700
      },
      "additional": {
        "logType": "debug",
        "children": []
      }
    },
    {
      "head": {
        "id": "458b8c7c-fd80-4c5c-a2d6-bbad4c64a239",
        "name": "Incremental task entry:default@PreBuild post-execution cost:4 ms .",
        "description": "",
        "type": "log"
      },
      "body": {
        "pid": 11044,
        "tid": "Main Thread",
        "startTime": 2045112414800
      },
      "additional": {
        "logType": "debug",
        "children": []
      }
    }
  ],
  "workLog": []
}