{
  "version": "2.0",
  "ppid": 5904,
  "events": [
    {
      "head": {
        "id": "18061ac9-2ef3-4185-8a66-72669bdf6c5a",
        "name": "hvigor build process will be closed.",
        "description": "",
        "type": "log"
      },
      "body": {
        "pid": 11044,
        "tid": "Main Thread",
        "startTime": 2045122648200
      },
      "additional": {
        "logType": "debug",
        "children": []
      }
    },
    {
      "head": {
        "id": "ca18a74a-2471-4270-a816-b17c1d552fdd",
        "name": "watch worker: worker id should be larger than 0. Nothing will be sent to any worker thread.",
        "description": "",
        "type": "log"
      },
      "body": {
        "pid": 11044,
        "tid": "Main Thread",
        "startTime": 2045131457600
      },
      "additional": {
        "logType": "debug",
        "children": []
      }
    },
    {
      "head": {
        "id": "e26a0f71-9349-4592-b2fd-8988488ae412",
        "name": "watch worker: worker id should be larger than 0. Nothing will be sent to any worker thread.",
        "description": "",
        "type": "log"
      },
      "body": {
        "pid": 11044,
        "tid": "Main Thread",
        "startTime": 2045132039400
      },
      "additional": {
        "logType": "debug",
        "children": []
      }
    },
    {
      "head": {
        "id": "730cc6d6-ff53-481e-a680-13c1fd047e69",
        "name": "watch worker: worker id should be larger than 0. Nothing will be sent to any worker thread.",
        "description": "",
        "type": "log"
      },
      "body": {
        "pid": 11044,
        "tid": "Main Thread",
        "startTime": 2276410382400
      },
      "additional": {
        "logType": "debug",
        "children": []
      }
    },
    {
      "head": {
        "id": "70ccf88e-a546-4cb0-9348-8bd5759a1086",
        "name": "init",
        "description": "Initialize and build task graph.",
        "type": "duration"
      },
      "body": {
        "pid": 11044,
        "tid": "Main Thread",
        "startTime": 2276413760900,
        "endTime": 2276503672500
      },
      "additional": {
        "children": [
          "26682093-ae9a-4525-bba6-724c683d11be",
          "97bdc97e-3be7-4100-8a18-997918eb1b1b",
          "eebbca8c-e3b2-4a88-8332-3c46404e664e",
          "f26ac691-3d10-49c6-b605-b3691cca7e57",
          "6519c7f2-f5ad-408a-a96c-31d5c2d70214",
          "b51093f3-319e-4d63-95c0-0965abbac11c",
          "9a61149f-abad-4880-bd98-1cc2aea8535f"
        ],
        "state": "success",
        "targetName": "",
        "moduleName": "",
        "category": "Init",
        "taskRunReasons": [],
        "logId": "cb03bb53-9978-465e-ab0e-b3af43181c53"
      },
      "log": {
        "_logger": {
          "category": "DurationEvent",
          "context": {},
          "callStackSkipIndex": 0
        },
        "_filelogger": {
          "category": "debug-file",
          "context": {},
          "callStackSkipIndex": 0
        },
        "anonymizeFileLogger": {
          "fileLogger": {
            "category": "debug-file",
            "context": {},
            "callStackSkipIndex": 0
          }
        }
      }
    },
    {
      "head": {
        "id": "26682093-ae9a-4525-bba6-724c683d11be",
        "name": "create hvigor project model",
        "description": "Initialize hvigor project model.",
        "type": "duration"
      },
      "body": {
        "pid": 11044,
        "tid": "Main Thread",
        "startTime": 2276413761400,
        "endTime": 2276419545900
      },
      "additional": {
        "children": [],
        "state": "success",
        "targetName": "",
        "moduleName": "",
        "category": "",
        "taskRunReasons": [],
        "parent": "70ccf88e-a546-4cb0-9348-8bd5759a1086",
        "logId": "b65f0723-5cb7-4289-8373-55317e3d56a9"
      },
      "log": {
        "_logger": {
          "category": "DurationEvent",
          "context": {},
          "callStackSkipIndex": 0
        },
        "_filelogger": {
          "category": "debug-file",
          "context": {},
          "callStackSkipIndex": 0
        },
        "anonymizeFileLogger": {
          "fileLogger": {
            "category": "debug-file",
            "context": {},
            "callStackSkipIndex": 0
          }
        }
      }
    },
    {
      "head": {
        "id": "97bdc97e-3be7-4100-8a18-997918eb1b1b",
        "name": "configure hvigor plugin",
        "description": "Configure hvigor plugin.",
        "type": "duration"
      },
      "body": {
        "pid": 11044,
        "tid": "Main Thread",
        "startTime": 2276419572100,
        "endTime": 2276503265400
      },
      "additional": {
        "children": [
          "e15e6568-5de0-4238-907a-b273ffbdbb3b",
          "78c64d88-b64e-4172-9db2-8f2356d6546e",
          "643ac985-e056-4df7-b151-c56d3ed9b73a",
          "47b5169b-f10c-448b-9706-85142fa0b4b5",
          "8a358c39-5405-4c27-8ee7-10256fa880ea",
          "35d0d6f4-c37c-478b-af99-6215435163ad",
          "aa70e6d6-5938-4ad4-b749-4bcc5b92a5e2",
          "7f4e3b9a-3d18-437f-9e04-228eae2b27a5",
          "23a3c7f3-46f7-489d-816c-76d22b15d589"
        ],
        "state": "success",
        "targetName": "",
        "moduleName": "",
        "category": "",
        "taskRunReasons": [],
        "parent": "70ccf88e-a546-4cb0-9348-8bd5759a1086",
        "logId": "f7fcab58-2f8a-44bd-850f-34d1bfbda84c"
      },
      "log": {
        "_logger": {
          "category": "DurationEvent",
          "context": {},
          "callStackSkipIndex": 0
        },
        "_filelogger": {
          "category": "debug-file",
          "context": {},
          "callStackSkipIndex": 0
        },
        "anonymizeFileLogger": {
          "fileLogger": {
            "category": "debug-file",
            "context": {},
            "callStackSkipIndex": 0
          }
        }
      }
    },
    {
      "head": {
        "id": "eebbca8c-e3b2-4a88-8332-3c46404e664e",
        "name": "build task graph",
        "description": "Build task graph.",
        "type": "duration"
      },
      "body": {
        "pid": 11044,
        "tid": "Main Thread",
        "startTime": 2276503284300,
        "endTime": 2276503661700
      },
      "additional": {
        "children": [],
        "state": "success",
        "targetName": "",
        "moduleName": "",
        "category": "",
        "taskRunReasons": [],
        "parent": "70ccf88e-a546-4cb0-9348-8bd5759a1086",
        "logId": "169fae65-a27b-4764-b483-9d2038da20d6"
      },
      "log": {
        "_logger": {
          "category": "DurationEvent",
          "context": {},
          "callStackSkipIndex": 0
        },
        "_filelogger": {
          "category": "debug-file",
          "context": {},
          "callStackSkipIndex": 0
        },
        "anonymizeFileLogger": {
          "fileLogger": {
            "category": "debug-file",
            "context": {},
            "callStackSkipIndex": 0
          }
        }
      }
    },
    {
      "head": {
        "id": "f26ac691-3d10-49c6-b605-b3691cca7e57",
        "name": "init task execution option",
        "description": "Init task execution option.",
        "type": "duration"
      },
      "body": {
        "pid": 11044,
        "tid": "Main Thread",
        "startTime": 2276503665200,
        "endTime": 2276503669900
      },
      "additional": {
        "children": [],
        "state": "success",
        "targetName": "",
        "moduleName": "",
        "category": "",
        "taskRunReasons": [],
        "parent": "70ccf88e-a546-4cb0-9348-8bd5759a1086",
        "logId": "76385b9f-614c-41d0-ae79-a28787a17453"
      },
      "log": {
        "_logger": {
          "category": "DurationEvent",
          "context": {},
          "callStackSkipIndex": 0
        },
        "_filelogger": {
          "category": "debug-file",
          "context": {},
          "callStackSkipIndex": 0
        },
        "anonymizeFileLogger": {
          "fileLogger": {
            "category": "debug-file",
            "context": {},
            "callStackSkipIndex": 0
          }
        }
      }
    },
    {
      "head": {
        "id": "6519c7f2-f5ad-408a-a96c-31d5c2d70214",
        "name": "\"configEvaluated\" hook function",
        "description": "",
        "type": "duration"
      },
      "body": {
        "pid": 11044,
        "tid": "Main Thread",
        "startTime": 2276414795800,
        "endTime": 2276414835200
      },
      "additional": {
        "children": [],
        "state": "success",
        "targetName": "",
        "moduleName": "",
        "category": "",
        "taskRunReasons": [],
        "parent": "70ccf88e-a546-4cb0-9348-8bd5759a1086",
        "logId": "00e3df99-5397-48cb-b27c-c71e650af85f"
      },
      "log": {
        "_logger": {
          "category": "DurationEvent",
          "context": {},
          "callStackSkipIndex": 0
        },
        "_filelogger": {
          "category": "debug-file",
          "context": {},
          "callStackSkipIndex": 0
        },
        "anonymizeFileLogger": {
          "fileLogger": {
            "category": "debug-file",
            "context": {},
            "callStackSkipIndex": 0
          }
        }
      }
    },
    {
      "head": {
        "id": "00e3df99-5397-48cb-b27c-c71e650af85f",
        "name": "\"configEvaluated\" hook function",
        "description": "",
        "type": "log"
      },
      "body": {
        "pid": 11044,
        "tid": "Main Thread",
        "startTime": 2276414795800,
        "endTime": 2276414835200
      },
      "additional": {
        "logType": "info",
        "children": [],
        "durationId": "6519c7f2-f5ad-408a-a96c-31d5c2d70214",
        "parent": "cb03bb53-9978-465e-ab0e-b3af43181c53"
      }
    },
    {
      "head": {
        "id": "b51093f3-319e-4d63-95c0-0965abbac11c",
        "name": "\"nodesInitialized\" hook function",
        "description": "",
        "type": "duration"
      },
      "body": {
        "pid": 11044,
        "tid": "Main Thread",
        "startTime": 2276415805200,
        "endTime": 2276415821200
      },
      "additional": {
        "children": [],
        "state": "success",
        "targetName": "",
        "moduleName": "",
        "category": "",
        "taskRunReasons": [],
        "parent": "70ccf88e-a546-4cb0-9348-8bd5759a1086",
        "logId": "5dbdd8b8-12f2-4f17-ab9f-4f1bd17b5bb4"
      },
      "log": {
        "_logger": {
          "category": "DurationEvent",
          "context": {},
          "callStackSkipIndex": 0
        },
        "_filelogger": {
          "category": "debug-file",
          "context": {},
          "callStackSkipIndex": 0
        },
        "anonymizeFileLogger": {
          "fileLogger": {
            "category": "debug-file",
            "context": {},
            "callStackSkipIndex": 0
          }
        }
      }
    },
    {
      "head": {
        "id": "5dbdd8b8-12f2-4f17-ab9f-4f1bd17b5bb4",
        "name": "\"nodesInitialized\" hook function",
        "description": "",
        "type": "log"
      },
      "body": {
        "pid": 11044,
        "tid": "Main Thread",
        "startTime": 2276415805200,
        "endTime": 2276415821200
      },
      "additional": {
        "logType": "info",
        "children": [],
        "durationId": "b51093f3-319e-4d63-95c0-0965abbac11c",
        "parent": "cb03bb53-9978-465e-ab0e-b3af43181c53"
      }
    },
    {
      "head": {
        "id": "2e3e3b53-5d0f-49d8-aba3-05279188f96d",
        "name": "Hvigor init with startParameters:{\n  hvigorfileTypeCheck: false,\n  parallelExecution: true,\n  incrementalExecution: true,\n  printStackTrace: false,\n  daemon: true,\n  analyze: 0,\n  logLevel: Level { level: 20000, levelStr: 'INFO', colour: 'green' },\n  optimizationStrategy: 'memory',\n  hotCompile: undefined,\n  hotReloadBuild: undefined\n}",
        "description": "",
        "type": "log"
      },
      "body": {
        "pid": 11044,
        "tid": "Main Thread",
        "startTime": 2276415879900
      },
      "additional": {
        "logType": "debug",
        "children": []
      }
    },
    {
      "head": {
        "id": "a4da6d8c-9abf-4672-95aa-3d6bc864e1dd",
        "name": "Cache service initialization finished in 4 ms ",
        "description": "",
        "type": "log"
      },
      "body": {
        "pid": 11044,
        "tid": "Main Thread",
        "startTime": 2276419330000
      },
      "additional": {
        "logType": "debug",
        "children": []
      }
    },
    {
      "head": {
        "id": "b65f0723-5cb7-4289-8373-55317e3d56a9",
        "name": "create hvigor project model",
        "description": "",
        "type": "log"
      },
      "body": {
        "pid": 11044,
        "tid": "Main Thread",
        "startTime": 2276413761400,
        "endTime": 2276419545900
      },
      "additional": {
        "logType": "info",
        "children": [],
        "durationId": "26682093-ae9a-4525-bba6-724c683d11be",
        "parent": "cb03bb53-9978-465e-ab0e-b3af43181c53"
      }
    },
    {
      "head": {
        "id": "e15e6568-5de0-4238-907a-b273ffbdbb3b",
        "name": "init configuration",
        "description": "Initialize configuration.",
        "type": "duration"
      },
      "body": {
        "pid": 11044,
        "tid": "Main Thread",
        "startTime": 2276419626100,
        "endTime": 2276419639400
      },
      "additional": {
        "children": [],
        "state": "success",
        "targetName": "",
        "moduleName": "",
        "category": "",
        "taskRunReasons": [],
        "parent": "97bdc97e-3be7-4100-8a18-997918eb1b1b",
        "logId": "50da0b57-e13f-4920-b4de-d9bb4bdaabbf"
      },
      "log": {
        "_logger": {
          "category": "DurationEvent",
          "context": {},
          "callStackSkipIndex": 0
        },
        "_filelogger": {
          "category": "debug-file",
          "context": {},
          "callStackSkipIndex": 0
        },
        "anonymizeFileLogger": {
          "fileLogger": {
            "category": "debug-file",
            "context": {},
            "callStackSkipIndex": 0
          }
        }
      }
    },
    {
      "head": {
        "id": "78c64d88-b64e-4172-9db2-8f2356d6546e",
        "name": "configure project task",
        "description": "Configure project task.",
        "type": "duration"
      },
      "body": {
        "pid": 11044,
        "tid": "Main Thread",
        "startTime": 2276419648600,
        "endTime": 2276420272300
      },
      "additional": {
        "children": [],
        "state": "success",
        "targetName": "",
        "moduleName": "",
        "category": "",
        "taskRunReasons": [],
        "parent": "97bdc97e-3be7-4100-8a18-997918eb1b1b",
        "logId": "1e2757a1-289a-4a14-8f10-8b934ba99354"
      },
      "log": {
        "_logger": {
          "category": "DurationEvent",
          "context": {},
          "callStackSkipIndex": 0
        },
        "_filelogger": {
          "category": "debug-file",
          "context": {},
          "callStackSkipIndex": 0
        },
        "anonymizeFileLogger": {
          "fileLogger": {
            "category": "debug-file",
            "context": {},
            "callStackSkipIndex": 0
          }
        }
      }
    },
    {
      "head": {
        "id": "643ac985-e056-4df7-b151-c56d3ed9b73a",
        "name": "eval project",
        "description": "Evaluate project.",
        "type": "duration"
      },
      "body": {
        "pid": 11044,
        "tid": "Main Thread",
        "startTime": 2276420289900,
        "endTime": 2276463677500
      },
      "additional": {
        "children": [
          "8f84ca0b-24b5-4060-8b6f-00aa73ca9054",
          "85b11df5-8b4f-4569-87aa-88fdd3d8f99a",
          "ed87f19a-21d1-443a-9034-8c8d2a0d48c7"
        ],
        "state": "success",
        "targetName": "",
        "moduleName": "",
        "category": "",
        "taskRunReasons": [],
        "parent": "97bdc97e-3be7-4100-8a18-997918eb1b1b",
        "logId": "3c2805c7-7014-46bc-a39e-0f687a62fbe8"
      },
      "log": {
        "_logger": {
          "category": "DurationEvent",
          "context": {},
          "callStackSkipIndex": 0
        },
        "_filelogger": {
          "category": "debug-file",
          "context": {},
          "callStackSkipIndex": 0
        },
        "anonymizeFileLogger": {
          "fileLogger": {
            "category": "debug-file",
            "context": {},
            "callStackSkipIndex": 0
          }
        }
      }
    },
    {
      "head": {
        "id": "47b5169b-f10c-448b-9706-85142fa0b4b5",
        "name": "eval modules",
        "description": "Evaluate modules.",
        "type": "duration"
      },
      "body": {
        "pid": 11044,
        "tid": "Main Thread",
        "startTime": 2276463686500,
        "endTime": 2276474837000
      },
      "additional": {
        "children": [
          "50fd4135-eebd-42ee-a339-7e9bca02e5d4"
        ],
        "state": "success",
        "targetName": "",
        "moduleName": "",
        "category": "",
        "taskRunReasons": [],
        "parent": "97bdc97e-3be7-4100-8a18-997918eb1b1b",
        "logId": "6c4794bf-2311-4014-be93-a665c53104b4"
      },
      "log": {
        "_logger": {
          "category": "DurationEvent",
          "context": {},
          "callStackSkipIndex": 0
        },
        "_filelogger": {
          "category": "debug-file",
          "context": {},
          "callStackSkipIndex": 0
        },
        "anonymizeFileLogger": {
          "fileLogger": {
            "category": "debug-file",
            "context": {},
            "callStackSkipIndex": 0
          }
        }
      }
    },
    {
      "head": {
        "id": "8a358c39-5405-4c27-8ee7-10256fa880ea",
        "name": "add config dependencies",
        "description": "Add configuration dependencies.",
        "type": "duration"
      },
      "body": {
        "pid": 11044,
        "tid": "Main Thread",
        "startTime": 2276474844500,
        "endTime": 2276491746600
      },
      "additional": {
        "children": [],
        "state": "success",
        "targetName": "",
        "moduleName": "",
        "category": "",
        "taskRunReasons": [],
        "parent": "97bdc97e-3be7-4100-8a18-997918eb1b1b",
        "logId": "e2870a87-b162-4ccc-80c6-410fdce5fd81"
      },
      "log": {
        "_logger": {
          "category": "DurationEvent",
          "context": {},
          "callStackSkipIndex": 0
        },
        "_filelogger": {
          "category": "debug-file",
          "context": {},
          "callStackSkipIndex": 0
        },
        "anonymizeFileLogger": {
          "fileLogger": {
            "category": "debug-file",
            "context": {},
            "callStackSkipIndex": 0
          }
        }
      }
    },
    {
      "head": {
        "id": "35d0d6f4-c37c-478b-af99-6215435163ad",
        "name": "ohpm install",
        "description": "Ohpm install event.",
        "type": "duration"
      },
      "body": {
        "pid": 11044,
        "tid": "Main Thread",
        "startTime": 2276491935200,
        "endTime": 2276496374900
      },
      "additional": {
        "children": [],
        "state": "success",
        "targetName": "",
        "moduleName": "",
        "category": "",
        "taskRunReasons": [],
        "parent": "97bdc97e-3be7-4100-8a18-997918eb1b1b",
        "logId": "a4d47dcf-fb0e-4851-a867-3dbcc1e33999"
      },
      "log": {
        "_logger": {
          "category": "DurationEvent",
          "context": {},
          "callStackSkipIndex": 0
        },
        "_filelogger": {
          "category": "debug-file",
          "context": {},
          "callStackSkipIndex": 0
        },
        "anonymizeFileLogger": {
          "fileLogger": {
            "category": "debug-file",
            "context": {},
            "callStackSkipIndex": 0
          }
        }
      }
    },
    {
      "head": {
        "id": "aa70e6d6-5938-4ad4-b749-4bcc5b92a5e2",
        "name": "eval hook",
        "description": "EvaluateEvent hook.",
        "type": "duration"
      },
      "body": {
        "pid": 11044,
        "tid": "Main Thread",
        "startTime": 2276496405300,
        "endTime": 2276503139600
      },
      "additional": {
        "children": [],
        "state": "success",
        "targetName": "",
        "moduleName": "",
        "category": "",
        "taskRunReasons": [],
        "parent": "97bdc97e-3be7-4100-8a18-997918eb1b1b",
        "logId": "be2c9523-cd4a-4d94-8c98-a0201fd62f9a"
      },
      "log": {
        "_logger": {
          "category": "DurationEvent",
          "context": {},
          "callStackSkipIndex": 0
        },
        "_filelogger": {
          "category": "debug-file",
          "context": {},
          "callStackSkipIndex": 0
        },
        "anonymizeFileLogger": {
          "fileLogger": {
            "category": "debug-file",
            "context": {},
            "callStackSkipIndex": 0
          }
        }
      }
    },
    {
      "head": {
        "id": "7f4e3b9a-3d18-437f-9e04-228eae2b27a5",
        "name": "fin configuration",
        "description": "Finish configuration.",
        "type": "duration"
      },
      "body": {
        "pid": 11044,
        "tid": "Main Thread",
        "startTime": 2276503158900,
        "endTime": 2276503257100
      },
      "additional": {
        "children": [],
        "state": "success",
        "targetName": "",
        "moduleName": "",
        "category": "",
        "taskRunReasons": [],
        "parent": "97bdc97e-3be7-4100-8a18-997918eb1b1b",
        "logId": "634311a2-0ac5-4370-b2c8-e8ed95733942"
      },
      "log": {
        "_logger": {
          "category": "DurationEvent",
          "context": {},
          "callStackSkipIndex": 0
        },
        "_filelogger": {
          "category": "debug-file",
          "context": {},
          "callStackSkipIndex": 0
        },
        "anonymizeFileLogger": {
          "fileLogger": {
            "category": "debug-file",
            "context": {},
            "callStackSkipIndex": 0
          }
        }
      }
    },
    {
      "head": {
        "id": "50da0b57-e13f-4920-b4de-d9bb4bdaabbf",
        "name": "init configuration",
        "description": "",
        "type": "log"
      },
      "body": {
        "pid": 11044,
        "tid": "Main Thread",
        "startTime": 2276419626100,
        "endTime": 2276419639400
      },
      "additional": {
        "logType": "info",
        "children": [],
        "durationId": "e15e6568-5de0-4238-907a-b273ffbdbb3b",
        "parent": "f7fcab58-2f8a-44bd-850f-34d1bfbda84c"
      }
    },
    {
      "head": {
        "id": "1e2757a1-289a-4a14-8f10-8b934ba99354",
        "name": "configure project task",
        "description": "",
        "type": "log"
      },
      "body": {
        "pid": 11044,
        "tid": "Main Thread",
        "startTime": 2276419648600,
        "endTime": 2276420272300
      },
      "additional": {
        "logType": "info",
        "children": [],
        "durationId": "78c64d88-b64e-4172-9db2-8f2356d6546e",
        "parent": "f7fcab58-2f8a-44bd-850f-34d1bfbda84c"
      }
    },
    {
      "head": {
        "id": "8f84ca0b-24b5-4060-8b6f-00aa73ca9054",
        "name": "\"beforeNodeEvaluate\" hook function",
        "description": "",
        "type": "duration"
      },
      "body": {
        "pid": 11044,
        "tid": "Main Thread",
        "startTime": 2276420355100,
        "endTime": 2276420384700
      },
      "additional": {
        "children": [],
        "state": "success",
        "targetName": "",
        "moduleName": "",
        "category": "",
        "taskRunReasons": [],
        "parent": "643ac985-e056-4df7-b151-c56d3ed9b73a",
        "logId": "1ac3d7a8-f27f-41e2-a81a-04ff7143fba7"
      },
      "log": {
        "_logger": {
          "category": "DurationEvent",
          "context": {},
          "callStackSkipIndex": 0
        },
        "_filelogger": {
          "category": "debug-file",
          "context": {},
          "callStackSkipIndex": 0
        },
        "anonymizeFileLogger": {
          "fileLogger": {
            "category": "debug-file",
            "context": {},
            "callStackSkipIndex": 0
          }
        }
      }
    },
    {
      "head": {
        "id": "1ac3d7a8-f27f-41e2-a81a-04ff7143fba7",
        "name": "\"beforeNodeEvaluate\" hook function",
        "description": "",
        "type": "log"
      },
      "body": {
        "pid": 11044,
        "tid": "Main Thread",
        "startTime": 2276420355100,
        "endTime": 2276420384700
      },
      "additional": {
        "logType": "info",
        "children": [],
        "durationId": "8f84ca0b-24b5-4060-8b6f-00aa73ca9054",
        "parent": "3c2805c7-7014-46bc-a39e-0f687a62fbe8"
      }
    },
    {
      "head": {
        "id": "85b11df5-8b4f-4569-87aa-88fdd3d8f99a",
        "name": "eval hvigorfile",
        "description": "Evaluate hvigorfile.",
        "type": "duration"
      },
      "body": {
        "pid": 11044,
        "tid": "Main Thread",
        "startTime": 2276420881300,
        "endTime": 2276463645700
      },
      "additional": {
        "children": [
          "ed412d7e-413f-4c4e-ae43-09ce71f474a0",
          "b350a50b-afc7-452f-9aba-b3a6f4d940ae"
        ],
        "state": "success",
        "targetName": "",
        "moduleName": "",
        "category": "",
        "taskRunReasons": [],
        "parent": "643ac985-e056-4df7-b151-c56d3ed9b73a",
        "logId": "e52a9043-90ad-4cd2-9c6a-9bf3056da5a8"
      },
      "log": {
        "_logger": {
          "category": "DurationEvent",
          "context": {},
          "callStackSkipIndex": 0
        },
        "_filelogger": {
          "category": "debug-file",
          "context": {},
          "callStackSkipIndex": 0
        },
        "anonymizeFileLogger": {
          "fileLogger": {
            "category": "debug-file",
            "context": {},
            "callStackSkipIndex": 0
          }
        }
      }
    },
    {
      "head": {
        "id": "ed412d7e-413f-4c4e-ae43-09ce71f474a0",
        "name": "require hvigorfile",
        "description": "Require hvigorfile.",
        "type": "duration"
      },
      "body": {
        "pid": 11044,
        "tid": "Main Thread",
        "startTime": 2276420881900,
        "endTime": 2276425623000
      },
      "additional": {
        "children": [],
        "state": "success",
        "targetName": "",
        "moduleName": "",
        "category": "",
        "taskRunReasons": [],
        "parent": "85b11df5-8b4f-4569-87aa-88fdd3d8f99a",
        "logId": "9865ce71-fc3a-41dd-8e5c-220036209791"
      },
      "log": {
        "_logger": {
          "category": "DurationEvent",
          "context": {},
          "callStackSkipIndex": 0
        },
        "_filelogger": {
          "category": "debug-file",
          "context": {},
          "callStackSkipIndex": 0
        },
        "anonymizeFileLogger": {
          "fileLogger": {
            "category": "debug-file",
            "context": {},
            "callStackSkipIndex": 0
          }
        }
      }
    },
    {
      "head": {
        "id": "b350a50b-afc7-452f-9aba-b3a6f4d940ae",
        "name": "bind plugins",
        "description": "Bind plugins.",
        "type": "duration"
      },
      "body": {
        "pid": 11044,
        "tid": "Main Thread",
        "startTime": 2276425656900,
        "endTime": 2276463636700
      },
      "additional": {
        "children": [],
        "state": "success",
        "targetName": "",
        "moduleName": "",
        "category": "",
        "taskRunReasons": [],
        "parent": "85b11df5-8b4f-4569-87aa-88fdd3d8f99a",
        "logId": "b7a77fe2-54f8-423e-b46e-116e94db421f"
      },
      "log": {
        "_logger": {
          "category": "DurationEvent",
          "context": {},
          "callStackSkipIndex": 0
        },
        "_filelogger": {
          "category": "debug-file",
          "context": {},
          "callStackSkipIndex": 0
        },
        "anonymizeFileLogger": {
          "fileLogger": {
            "category": "debug-file",
            "context": {},
            "callStackSkipIndex": 0
          }
        }
      }
    },
    {
      "head": {
        "id": "ce9cb96a-622e-44b8-9cfc-9800939f2103",
        "name": "hvigorfile, resolving D:\\devecostudio-windows-6.0.1.251\\devecostudio-windows-6.0.1.251\\LostFound\\hvigorfile.ts",
        "description": "",
        "type": "log"
      },
      "body": {
        "pid": 11044,
        "tid": "Main Thread",
        "startTime": 2276420888100
      },
      "additional": {
        "logType": "debug",
        "children": []
      }
    },
    {
      "head": {
        "id": "781a09a1-6f08-4a0a-9070-56ff1f19f111",
        "name": "hvigorfile, require result:  { default: { system: [Function: appTasks], plugins: [] } }",
        "description": "",
        "type": "log"
      },
      "body": {
        "pid": 11044,
        "tid": "Main Thread",
        "startTime": 2276425413800
      },
      "additional": {
        "logType": "debug",
        "children": []
      }
    },
    {
      "head": {
        "id": "9865ce71-fc3a-41dd-8e5c-220036209791",
        "name": "require hvigorfile",
        "description": "",
        "type": "log"
      },
      "body": {
        "pid": 11044,
        "tid": "Main Thread",
        "startTime": 2276420881900,
        "endTime": 2276425623000
      },
      "additional": {
        "logType": "info",
        "children": [],
        "durationId": "ed412d7e-413f-4c4e-ae43-09ce71f474a0",
        "parent": "e52a9043-90ad-4cd2-9c6a-9bf3056da5a8"
      }
    },
    {
      "head": {
        "id": "e39b6ec8-d81d-49fa-9c52-ca44b40d751a",
        "name": "hvigorfile, binding system plugins [Function: appTasks]",
        "description": "",
        "type": "log"
      },
      "body": {
        "pid": 11044,
        "tid": "Main Thread",
        "startTime": 2276425684000
      },
      "additional": {
        "logType": "debug",
        "children": []
      }
    },
    {
      "head": {
        "id": "de56dbae-3344-4007-94fb-24f73fef8330",
        "name": "Start initialize project's product build option map with build mode debug.",
        "description": "",
        "type": "log"
      },
      "body": {
        "pid": 11044,
        "tid": "Main Thread",
        "startTime": 2276431851000
      },
      "additional": {
        "logType": "debug",
        "children": []
      }
    },
    {
      "head": {
        "id": "4b5aad0a-1091-4994-8d6d-855176836590",
        "name": "Picking option from product 'default' with build mode 'debug'.",
        "description": "",
        "type": "log"
      },
      "body": {
        "pid": 11044,
        "tid": "Main Thread",
        "startTime": 2276431970500
      },
      "additional": {
        "logType": "debug",
        "children": []
      }
    },
    {
      "head": {
        "id": "a9741b0c-d2c9-4195-828a-535d2618aaec",
        "name": "Product 'default' build option initialized",
        "description": "",
        "type": "log"
      },
      "body": {
        "pid": 11044,
        "tid": "Main Thread",
        "startTime": 2276432064800
      },
      "additional": {
        "logType": "debug",
        "children": []
      }
    },
    {
      "head": {
        "id": "cd451233-0163-4f79-bf2b-661fca93f35d",
        "name": "End initialize project's product build option map with build mode 'debug'.",
        "description": "",
        "type": "log"
      },
      "body": {
        "pid": 11044,
        "tid": "Main Thread",
        "startTime": 2276432124800
      },
      "additional": {
        "logType": "debug",
        "children": []
      }
    },
    {
      "head": {
        "id": "6539512e-c01c-4191-ba43-5b2f97a7baf6",
        "name": "Obtain build option for product 'default'in this build.",
        "description": "",
        "type": "log"
      },
      "body": {
        "pid": 11044,
        "tid": "Main Thread",
        "startTime": 2276432677200
      },
      "additional": {
        "logType": "debug",
        "children": []
      }
    },
    {
      "head": {
        "id": "5ecf1a28-4e4a-4524-8db5-cd10ac37c26e",
        "name": "No signingConfig found, initRemoteHspCache failed.",
        "description": "",
        "type": "log"
      },
      "body": {
        "pid": 11044,
        "tid": "Main Thread",
        "startTime": 2276434855800
      },
      "additional": {
        "logType": "debug",
        "children": []
      }
    },
    {
      "head": {
        "id": "e7a9e235-3c9b-4ecb-8345-dbf94544d7c8",
        "name": "Start recording SDK configuration permission data.",
        "description": "",
        "type": "log"
      },
      "body": {
        "pid": 11044,
        "tid": "Main Thread",
        "startTime": 2276438435000
      },
      "additional": {
        "logType": "debug",
        "children": []
      }
    },
    {
      "head": {
        "id": "114229c8-cf6a-4444-9dc4-ef06e6229ddf",
        "name": "Sdk init in 26 ms ",
        "description": "",
        "type": "log"
      },
      "body": {
        "pid": 11044,
        "tid": "Main Thread",
        "startTime": 2276460845000
      },
      "additional": {
        "logType": "debug",
        "children": []
      }
    },
    {
      "head": {
        "id": "fd07b3b1-b374-4e2a-98a3-a81e6f6777a1",
        "name": "sdkVersion",
        "description": "6.0.1.112",
        "type": "mark"
      },
      "body": {
        "pid": 11044,
        "tid": "Main Thread",
        "startTime": 2276461029300
      },
      "additional": {
        "time": {
          "year": 2025,
          "month": 12,
          "day": 17,
          "hour": 21,
          "minute": 40,
          "second": 22
        },
        "markType": "other"
      }
    },
    {
      "head": {
        "id": "00908418-1ec8-41fc-bd5a-186a4da95573",
        "name": "caseSensitiveCheckOn",
        "description": "caseSensitiveCheck check is on",
        "type": "mark"
      },
      "body": {
        "pid": 11044,
        "tid": "Main Thread",
        "startTime": 2276461251900
      },
      "additional": {
        "time": {
          "year": 2025,
          "month": 12,
          "day": 17,
          "hour": 21,
          "minute": 40,
          "second": 22
        },
        "markType": "other"
      }
    },
    {
      "head": {
        "id": "9df362b5-12c5-4b99-b5d5-276c764e19d2",
        "name": "Project task initialization takes 2 ms ",
        "description": "",
        "type": "log"
      },
      "body": {
        "pid": 11044,
        "tid": "Main Thread",
        "startTime": 2276463431300
      },
      "additional": {
        "logType": "debug",
        "children": []
      }
    },
    {
      "head": {
        "id": "d4a16540-acff-4757-8df2-7ddac925cb12",
        "name": "hvigorfile, binding custom plugins []",
        "description": "",
        "type": "log"
      },
      "body": {
        "pid": 11044,
        "tid": "Main Thread",
        "startTime": 2276463531200
      },
      "additional": {
        "logType": "debug",
        "children": []
      }
    },
    {
      "head": {
        "id": "1f27038a-4441-4a69-b537-91f56518c629",
        "name": "hvigorfile, no custom plugins were found in D:\\devecostudio-windows-6.0.1.251\\devecostudio-windows-6.0.1.251\\LostFound\\hvigorfile.ts",
        "description": "",
        "type": "log"
      },
      "body": {
        "pid": 11044,
        "tid": "Main Thread",
        "startTime": 2276463578600
      },
      "additional": {
        "logType": "debug",
        "children": []
      }
    },
    {
      "head": {
        "id": "441f633f-607b-4181-9993-704cf80021a1",
        "name": "hvigorfile, resolve finished D:\\devecostudio-windows-6.0.1.251\\devecostudio-windows-6.0.1.251\\LostFound\\hvigorfile.ts",
        "description": "",
        "type": "log"
      },
      "body": {
        "pid": 11044,
        "tid": "Main Thread",
        "startTime": 2276463608800
      },
      "additional": {
        "logType": "debug",
        "children": []
      }
    },
    {
      "head": {
        "id": "b7a77fe2-54f8-423e-b46e-116e94db421f",
        "name": "bind plugins",
        "description": "",
        "type": "log"
      },
      "body": {
        "pid": 11044,
        "tid": "Main Thread",
        "startTime": 2276425656900,
        "endTime": 2276463636700
      },
      "additional": {
        "logType": "info",
        "children": [],
        "durationId": "b350a50b-afc7-452f-9aba-b3a6f4d940ae",
        "parent": "e52a9043-90ad-4cd2-9c6a-9bf3056da5a8"
      }
    },
    {
      "head": {
        "id": "e52a9043-90ad-4cd2-9c6a-9bf3056da5a8",
        "name": "eval hvigorfile",
        "description": "",
        "type": "log"
      },
      "body": {
        "pid": 11044,
        "tid": "Main Thread",
        "startTime": 2276420881300,
        "endTime": 2276463645700
      },
      "additional": {
        "logType": "info",
        "children": [
          "9865ce71-fc3a-41dd-8e5c-220036209791",
          "b7a77fe2-54f8-423e-b46e-116e94db421f"
        ],
        "durationId": "85b11df5-8b4f-4569-87aa-88fdd3d8f99a",
        "parent": "3c2805c7-7014-46bc-a39e-0f687a62fbe8"
      }
    },
    {
      "head": {
        "id": "ed87f19a-21d1-443a-9034-8c8d2a0d48c7",
        "name": "\"afterNodeEvaluate\" hook function",
        "description": "",
        "type": "duration"
      },
      "body": {
        "pid": 11044,
        "tid": "Main Thread",
        "startTime": 2276463664300,
        "endTime": 2276463671900
      },
      "additional": {
        "children": [],
        "state": "success",
        "targetName": "",
        "moduleName": "",
        "category": "",
        "taskRunReasons": [],
        "parent": "643ac985-e056-4df7-b151-c56d3ed9b73a",
        "logId": "e65b5b97-f562-4542-a05e-d66f74cda11a"
      },
      "log": {
        "_logger": {
          "category": "DurationEvent",
          "context": {},
          "callStackSkipIndex": 0
        },
        "_filelogger": {
          "category": "debug-file",
          "context": {},
          "callStackSkipIndex": 0
        },
        "anonymizeFileLogger": {
          "fileLogger": {
            "category": "debug-file",
            "context": {},
            "callStackSkipIndex": 0
          }
        }
      }
    },
    {
      "head": {
        "id": "e65b5b97-f562-4542-a05e-d66f74cda11a",
        "name": "\"afterNodeEvaluate\" hook function",
        "description": "",
        "type": "log"
      },
      "body": {
        "pid": 11044,
        "tid": "Main Thread",
        "startTime": 2276463664300,
        "endTime": 2276463671900
      },
      "additional": {
        "logType": "info",
        "children": [],
        "durationId": "ed87f19a-21d1-443a-9034-8c8d2a0d48c7",
        "parent": "3c2805c7-7014-46bc-a39e-0f687a62fbe8"
      }
    },
    {
      "head": {
        "id": "3c2805c7-7014-46bc-a39e-0f687a62fbe8",
        "name": "eval project",
        "description": "",
        "type": "log"
      },
      "body": {
        "pid": 11044,
        "tid": "Main Thread",
        "startTime": 2276420289900,
        "endTime": 2276463677500
      },
      "additional": {
        "logType": "info",
        "children": [
          "1ac3d7a8-f27f-41e2-a81a-04ff7143fba7",
          "e52a9043-90ad-4cd2-9c6a-9bf3056da5a8",
          "e65b5b97-f562-4542-a05e-d66f74cda11a"
        ],
        "durationId": "643ac985-e056-4df7-b151-c56d3ed9b73a",
        "parent": "f7fcab58-2f8a-44bd-850f-34d1bfbda84c"
      }
    },
    {
      "head": {
        "id": "50fd4135-eebd-42ee-a339-7e9bca02e5d4",
        "name": "eval submodule",
        "description": "Evaluate submodule.",
        "type": "duration"
      },
      "body": {
        "pid": 11044,
        "tid": "Main Thread",
        "startTime": 2276463692800,
        "endTime": 2276474811800
      },
      "additional": {
        "children": [
          "40617df2-6afa-46eb-86b2-288aa09b11b1",
          "4542f0ef-c226-4cf2-9e34-234d560f7e85",
          "703424cd-a912-40b3-8c10-b4baa9f1fa68"
        ],
        "state": "success",
        "targetName": "",
        "moduleName": "",
        "category": "",
        "taskRunReasons": [],
        "parent": "47b5169b-f10c-448b-9706-85142fa0b4b5",
        "logId": "ae7d350f-0e32-4c88-a444-b393175d1870"
      },
      "log": {
        "_logger": {
          "category": "DurationEvent",
          "context": {},
          "callStackSkipIndex": 0
        },
        "_filelogger": {
          "category": "debug-file",
          "context": {},
          "callStackSkipIndex": 0
        },
        "anonymizeFileLogger": {
          "fileLogger": {
            "category": "debug-file",
            "context": {},
            "callStackSkipIndex": 0
          }
        }
      }
    },
    {
      "head": {
        "id": "40617df2-6afa-46eb-86b2-288aa09b11b1",
        "name": "\"beforeNodeEvaluate\" hook function",
        "description": "",
        "type": "duration"
      },
      "body": {
        "pid": 11044,
        "tid": "Main Thread",
        "startTime": 2276463737400,
        "endTime": 2276463740600
      },
      "additional": {
        "children": [],
        "state": "success",
        "targetName": "",
        "moduleName": "",
        "category": "",
        "taskRunReasons": [],
        "parent": "50fd4135-eebd-42ee-a339-7e9bca02e5d4",
        "logId": "f157a400-a352-49ca-8b40-5de1ea6ec33f"
      },
      "log": {
        "_logger": {
          "category": "DurationEvent",
          "context": {},
          "callStackSkipIndex": 0
        },
        "_filelogger": {
          "category": "debug-file",
          "context": {},
          "callStackSkipIndex": 0
        },
        "anonymizeFileLogger": {
          "fileLogger": {
            "category": "debug-file",
            "context": {},
            "callStackSkipIndex": 0
          }
        }
      }
    },
    {
      "head": {
        "id": "f157a400-a352-49ca-8b40-5de1ea6ec33f",
        "name": "\"beforeNodeEvaluate\" hook function",
        "description": "",
        "type": "log"
      },
      "body": {
        "pid": 11044,
        "tid": "Main Thread",
        "startTime": 2276463737400,
        "endTime": 2276463740600
      },
      "additional": {
        "logType": "info",
        "children": [],
        "durationId": "40617df2-6afa-46eb-86b2-288aa09b11b1",
        "parent": "ae7d350f-0e32-4c88-a444-b393175d1870"
      }
    },
    {
      "head": {
        "id": "4542f0ef-c226-4cf2-9e34-234d560f7e85",
        "name": "eval hvigorfile",
        "description": "Evaluate hvigorfile.",
        "type": "duration"
      },
      "body": {
        "pid": 11044,
        "tid": "Main Thread",
        "startTime": 2276463990700,
        "endTime": 2276474436300
      },
      "additional": {
        "children": [
          "b38415ef-318c-4c29-a402-fb03d3adaaa9",
          "3484dc1d-10bc-4d55-b83c-11389d0cabef"
        ],
        "state": "success",
        "targetName": "",
        "moduleName": "",
        "category": "",
        "taskRunReasons": [],
        "parent": "50fd4135-eebd-42ee-a339-7e9bca02e5d4",
        "logId": "0b1e5295-e916-4e6c-ac70-9e6a44172b24"
      },
      "log": {
        "_logger": {
          "category": "DurationEvent",
          "context": {},
          "callStackSkipIndex": 0
        },
        "_filelogger": {
          "category": "debug-file",
          "context": {},
          "callStackSkipIndex": 0
        },
        "anonymizeFileLogger": {
          "fileLogger": {
            "category": "debug-file",
            "context": {},
            "callStackSkipIndex": 0
          }
        }
      }
    },
    {
      "head": {
        "id": "b38415ef-318c-4c29-a402-fb03d3adaaa9",
        "name": "require hvigorfile",
        "description": "Require hvigorfile.",
        "type": "duration"
      },
      "body": {
        "pid": 11044,
        "tid": "Main Thread",
        "startTime": 2276463991000,
        "endTime": 2276467251500
      },
      "additional": {
        "children": [],
        "state": "success",
        "targetName": "",
        "moduleName": "",
        "category": "",
        "taskRunReasons": [],
        "parent": "4542f0ef-c226-4cf2-9e34-234d560f7e85",
        "logId": "2b832ba8-d5ba-4db7-8f7d-1545a83dbcc6"
      },
      "log": {
        "_logger": {
          "category": "DurationEvent",
          "context": {},
          "callStackSkipIndex": 0
        },
        "_filelogger": {
          "category": "debug-file",
          "context": {},
          "callStackSkipIndex": 0
        },
        "anonymizeFileLogger": {
          "fileLogger": {
            "category": "debug-file",
            "context": {},
            "callStackSkipIndex": 0
          }
        }
      }
    },
    {
      "head": {
        "id": "3484dc1d-10bc-4d55-b83c-11389d0cabef",
        "name": "bind plugins",
        "description": "Bind plugins.",
        "type": "duration"
      },
      "body": {
        "pid": 11044,
        "tid": "Main Thread",
        "startTime": 2276467265800,
        "endTime": 2276474417100
      },
      "additional": {
        "children": [],
        "state": "success",
        "targetName": "",
        "moduleName": "",
        "category": "",
        "taskRunReasons": [],
        "parent": "4542f0ef-c226-4cf2-9e34-234d560f7e85",
        "logId": "c3a5db3e-f69a-42e8-8869-7ff494cf073f"
      },
      "log": {
        "_logger": {
          "category": "DurationEvent",
          "context": {},
          "callStackSkipIndex": 0
        },
        "_filelogger": {
          "category": "debug-file",
          "context": {},
          "callStackSkipIndex": 0
        },
        "anonymizeFileLogger": {
          "fileLogger": {
            "category": "debug-file",
            "context": {},
            "callStackSkipIndex": 0
          }
        }
      }
    },
    {
      "head": {
        "id": "c33af335-e888-4e4a-8351-de9d88d6f214",
        "name": "hvigorfile, resolving D:\\devecostudio-windows-6.0.1.251\\devecostudio-windows-6.0.1.251\\LostFound\\entry\\hvigorfile.ts",
        "description": "",
        "type": "log"
      },
      "body": {
        "pid": 11044,
        "tid": "Main Thread",
        "startTime": 2276463993400
      },
      "additional": {
        "logType": "debug",
        "children": []
      }
    },
    {
      "head": {
        "id": "0ee451de-d7d2-44e4-8ef6-de9c3d704040",
        "name": "hvigorfile, require result:  { default: { system: [Function: hapTasks], plugins: [] } }",
        "description": "",
        "type": "log"
      },
      "body": {
        "pid": 11044,
        "tid": "Main Thread",
        "startTime": 2276467139900
      },
      "additional": {
        "logType": "debug",
        "children": []
      }
    },
    {
      "head": {
        "id": "2b832ba8-d5ba-4db7-8f7d-1545a83dbcc6",
        "name": "require hvigorfile",
        "description": "",
        "type": "log"
      },
      "body": {
        "pid": 11044,
        "tid": "Main Thread",
        "startTime": 2276463991000,
        "endTime": 2276467251500
      },
      "additional": {
        "logType": "info",
        "children": [],
        "durationId": "b38415ef-318c-4c29-a402-fb03d3adaaa9",
        "parent": "0b1e5295-e916-4e6c-ac70-9e6a44172b24"
      }
    },
    {
      "head": {
        "id": "e6c849bd-fca9-490a-9329-b0182363c725",
        "name": "hvigorfile, binding system plugins [Function: hapTasks]",
        "description": "",
        "type": "log"
      },
      "body": {
        "pid": 11044,
        "tid": "Main Thread",
        "startTime": 2276467278200
      },
      "additional": {
        "logType": "debug",
        "children": []
      }
    },
    {
      "head": {
        "id": "b2f7e61d-6f1b-4b42-a971-bcb1a3ebcad7",
        "name": "failed to load cangjie to dynamically generate schemas: Error: Cannot find module '@ohos/cangjie-build-support/index'\nRequire stack:\n- D:\\devecostudio-windows-6.0.1.251\\devecostudio-windows-6.0.1.251\\DevEco Studio\\tools\\hvigor\\hvigor-ohos-plugin\\src\\plugin\\factory\\plugin-factory.js\n- D:\\devecostudio-windows-6.0.1.251\\devecostudio-windows-6.0.1.251\\DevEco Studio\\tools\\hvigor\\hvigor-ohos-plugin\\index.js\n- D:\\devecostudio-windows-6.0.1.251\\devecostudio-windows-6.0.1.251\\LostFound\\hvigorfile.ts\n- D:\\devecostudio-windows-6.0.1.251\\devecostudio-windows-6.0.1.251\\DevEco Studio\\tools\\hvigor\\hvigor\\src\\base\\internal\\lifecycle\\configuration.js\n- D:\\devecostudio-windows-6.0.1.251\\devecostudio-windows-6.0.1.251\\DevEco Studio\\tools\\hvigor\\hvigor\\src\\base\\boot\\index.js\n- D:\\devecostudio-windows-6.0.1.251\\devecostudio-windows-6.0.1.251\\DevEco Studio\\tools\\hvigor\\hvigor\\src\\base\\daemon\\cluster\\worker-process-lifecycle.js\n- D:\\devecostudio-windows-6.0.1.251\\devecostudio-windows-6.0.1.251\\DevEco Studio\\tools\\hvigor\\hvigor\\src\\base\\daemon\\process\\daemon-process-boot-script.js",
        "description": "",
        "type": "log"
      },
      "body": {
        "pid": 11044,
        "tid": "Main Thread",
        "startTime": 2276468088400
      },
      "additional": {
        "logType": "debug",
        "children": []
      }
    },
    {
      "head": {
        "id": "6defd7e5-619c-4d1c-9f46-09ad8fed7449",
        "name": "Start initialize module-target build option map, moduleName=entry, buildMode=debug",
        "description": "",
        "type": "log"
      },
      "body": {
        "pid": 11044,
        "tid": "Main Thread",
        "startTime": 2276470083800
      },
      "additional": {
        "logType": "debug",
        "children": []
      }
    },
    {
      "head": {
        "id": "81ece65c-f9c8-4bd7-900a-915f2b4452fd",
        "name": "Target 'default' config initialized",
        "description": "",
        "type": "log"
      },
      "body": {
        "pid": 11044,
        "tid": "Main Thread",
        "startTime": 2276470232100
      },
      "additional": {
        "logType": "debug",
        "children": []
      }
    },
    {
      "head": {
        "id": "bfb504e7-da5d-40b8-b743-64ccf8adc660",
        "name": "Target 'ohosTest' config initialized",
        "description": "",
        "type": "log"
      },
      "body": {
        "pid": 11044,
        "tid": "Main Thread",
        "startTime": 2276470426500
      },
      "additional": {
        "logType": "debug",
        "children": []
      }
    },
    {
      "head": {
        "id": "a9ffea87-b506-4f2d-ae8d-7f730efbe3fc",
        "name": "Module 'entry' target 'default' build option initialized",
        "description": "",
        "type": "log"
      },
      "body": {
        "pid": 11044,
        "tid": "Main Thread",
        "startTime": 2276471450800
      },
      "additional": {
        "logType": "debug",
        "children": []
      }
    },
    {
      "head": {
        "id": "0af673a9-fc97-40db-a920-c6e243a005e7",
        "name": "Module 'entry' target 'ohosTest' build option initialized",
        "description": "",
        "type": "log"
      },
      "body": {
        "pid": 11044,
        "tid": "Main Thread",
        "startTime": 2276471634400
      },
      "additional": {
        "logType": "debug",
        "children": []
      }
    },
    {
      "head": {
        "id": "5e1b49e1-840d-44d7-a532-1dc17b57adb9",
        "name": "End initialize module-target build option map, moduleName=entry",
        "description": "",
        "type": "log"
      },
      "body": {
        "pid": 11044,
        "tid": "Main Thread",
        "startTime": 2276471705600
      },
      "additional": {
        "logType": "debug",
        "children": []
      }
    },
    {
      "head": {
        "id": "873ae7ce-290f-422c-b1da-883b3930c1e4",
        "name": "Start initialize module-target build option map, moduleName=entry, buildMode=release",
        "description": "",
        "type": "log"
      },
      "body": {
        "pid": 11044,
        "tid": "Main Thread",
        "startTime": 2276471941700
      },
      "additional": {
        "logType": "debug",
        "children": []
      }
    },
    {
      "head": {
        "id": "5ac96cb0-50a4-4b4f-80e7-1338ffbfd323",
        "name": "Target 'default' config initialized",
        "description": "",
        "type": "log"
      },
      "body": {
        "pid": 11044,
        "tid": "Main Thread",
        "startTime": 2276472038500
      },
      "additional": {
        "logType": "debug",
        "children": []
      }
    },
    {
      "head": {
        "id": "e2b4c8b8-960e-4e59-bfce-7672068fea71",
        "name": "Target 'ohosTest' config initialized",
        "description": "",
        "type": "log"
      },
      "body": {
        "pid": 11044,
        "tid": "Main Thread",
        "startTime": 2276472300400
      },
      "additional": {
        "logType": "debug",
        "children": []
      }
    },
    {
      "head": {
        "id": "74f2529e-137a-4b1b-bc1e-37cd26a00cd5",
        "name": "Module 'entry' target 'default' build option initialized",
        "description": "",
        "type": "log"
      },
      "body": {
        "pid": 11044,
        "tid": "Main Thread",
        "startTime": 2276472433000
      },
      "additional": {
        "logType": "debug",
        "children": []
      }
    },
    {
      "head": {
        "id": "1a404597-22a9-4816-9094-db49544b1c18",
        "name": "Module 'entry' target 'ohosTest' build option initialized",
        "description": "",
        "type": "log"
      },
      "body": {
        "pid": 11044,
        "tid": "Main Thread",
        "startTime": 2276472467300
      },
      "additional": {
        "logType": "debug",
        "children": []
      }
    },
    {
      "head": {
        "id": "098d5df1-d903-4c99-a3c8-bfba0afc1735",
        "name": "End initialize module-target build option map, moduleName=entry",
        "description": "",
        "type": "log"
      },
      "body": {
        "pid": 11044,
        "tid": "Main Thread",
        "startTime": 2276472495800
      },
      "additional": {
        "logType": "debug",
        "children": []
      }
    },
    {
      "head": {
        "id": "acd1ae1c-db7f-4ad6-81c5-aa106c802d0e",
        "name": "Start initialize module-target build option map, moduleName=entry, buildMode=debug",
        "description": "",
        "type": "log"
      },
      "body": {
        "pid": 11044,
        "tid": "Main Thread",
        "startTime": 2276472559500
      },
      "additional": {
        "logType": "debug",
        "children": []
      }
    },
    {
      "head": {
        "id": "14b2fcff-0a26-465c-be5f-7e8724097343",
        "name": "Target 'default' config initialized",
        "description": "",
        "type": "log"
      },
      "body": {
        "pid": 11044,
        "tid": "Main Thread",
        "startTime": 2276472598900
      },
      "additional": {
        "logType": "debug",
        "children": []
      }
    },
    {
      "head": {
        "id": "e3ba3c32-7728-45bd-bac6-29798fd31a15",
        "name": "Target 'ohosTest' config initialized",
        "description": "",
        "type": "log"
      },
      "body": {
        "pid": 11044,
        "tid": "Main Thread",
        "startTime": 2276472698100
      },
      "additional": {
        "logType": "debug",
        "children": []
      }
    },
    {
      "head": {
        "id": "698501cc-0310-4e76-9f89-2205924fac3c",
        "name": "Module 'entry' target 'default' build option initialized",
        "description": "",
        "type": "log"
      },
      "body": {
        "pid": 11044,
        "tid": "Main Thread",
        "startTime": 2276472778900
      },
      "additional": {
        "logType": "debug",
        "children": []
      }
    },
    {
      "head": {
        "id": "ea4b5249-0073-4acf-8c7e-46bdfae625ed",
        "name": "Module 'entry' target 'ohosTest' build option initialized",
        "description": "",
        "type": "log"
      },
      "body": {
        "pid": 11044,
        "tid": "Main Thread",
        "startTime": 2276472805900
      },
      "additional": {
        "logType": "debug",
        "children": []
      }
    },
    {
      "head": {
        "id": "0107ab38-932d-4a8d-8e7d-e52245fea8a1",
        "name": "End initialize module-target build option map, moduleName=entry",
        "description": "",
        "type": "log"
      },
      "body": {
        "pid": 11044,
        "tid": "Main Thread",
        "startTime": 2276472827400
      },
      "additional": {
        "logType": "debug",
        "children": []
      }
    },
    {
      "head": {
        "id": "246b113d-4012-400c-af1c-14c412951351",
        "name": "Obtain build option for module 'entry' target 'default'in this build.",
        "description": "",
        "type": "log"
      },
      "body": {
        "pid": 11044,
        "tid": "Main Thread",
        "startTime": 2276472871000
      },
      "additional": {
        "logType": "debug",
        "children": []
      }
    },
    {
      "head": {
        "id": "8e4a90cd-38da-4fdf-8d3f-3ea9649e600a",
        "name": "Module entry task initialization takes 1 ms ",
        "description": "",
        "type": "log"
      },
      "body": {
        "pid": 11044,
        "tid": "Main Thread",
        "startTime": 2276474017700
      },
      "additional": {
        "logType": "debug",
        "children": []
      }
    },
    {
      "head": {
        "id": "b9b646aa-b040-4f7f-b9ec-99989c936db5",
        "name": "hvigorfile, binding custom plugins []",
        "description": "",
        "type": "log"
      },
      "body": {
        "pid": 11044,
        "tid": "Main Thread",
        "startTime": 2276474222300
      },
      "additional": {
        "logType": "debug",
        "children": []
      }
    },
    {
      "head": {
        "id": "45b6cffa-5f67-4f20-9d88-2d5bdccab488",
        "name": "hvigorfile, no custom plugins were found in D:\\devecostudio-windows-6.0.1.251\\devecostudio-windows-6.0.1.251\\LostFound\\entry\\hvigorfile.ts",
        "description": "",
        "type": "log"
      },
      "body": {
        "pid": 11044,
        "tid": "Main Thread",
        "startTime": 2276474309200
      },
      "additional": {
        "logType": "debug",
        "children": []
      }
    },
    {
      "head": {
        "id": "215313fa-f18b-4723-8de0-7393a30e36e9",
        "name": "hvigorfile, resolve finished D:\\devecostudio-windows-6.0.1.251\\devecostudio-windows-6.0.1.251\\LostFound\\entry\\hvigorfile.ts",
        "description": "",
        "type": "log"
      },
      "body": {
        "pid": 11044,
        "tid": "Main Thread",
        "startTime": 2276474365400
      },
      "additional": {
        "logType": "debug",
        "children": []
      }
    },
    {
      "head": {
        "id": "c3a5db3e-f69a-42e8-8869-7ff494cf073f",
        "name": "bind plugins",
        "description": "",
        "type": "log"
      },
      "body": {
        "pid": 11044,
        "tid": "Main Thread",
        "startTime": 2276467265800,
        "endTime": 2276474417100
      },
      "additional": {
        "logType": "info",
        "children": [],
        "durationId": "3484dc1d-10bc-4d55-b83c-11389d0cabef",
        "parent": "0b1e5295-e916-4e6c-ac70-9e6a44172b24"
      }
    },
    {
      "head": {
        "id": "0b1e5295-e916-4e6c-ac70-9e6a44172b24",
        "name": "eval hvigorfile",
        "description": "",
        "type": "log"
      },
      "body": {
        "pid": 11044,
        "tid": "Main Thread",
        "startTime": 2276463990700,
        "endTime": 2276474436300
      },
      "additional": {
        "logType": "info",
        "children": [
          "2b832ba8-d5ba-4db7-8f7d-1545a83dbcc6",
          "c3a5db3e-f69a-42e8-8869-7ff494cf073f"
        ],
        "durationId": "4542f0ef-c226-4cf2-9e34-234d560f7e85",
        "parent": "ae7d350f-0e32-4c88-a444-b393175d1870"
      }
    },
    {
      "head": {
        "id": "703424cd-a912-40b3-8c10-b4baa9f1fa68",
        "name": "\"afterNodeEvaluate\" hook function",
        "description": "",
        "type": "duration"
      },
      "body": {
        "pid": 11044,
        "tid": "Main Thread",
        "startTime": 2276474784700,
        "endTime": 2276474796700
      },
      "additional": {
        "children": [],
        "state": "success",
        "targetName": "",
        "moduleName": "",
        "category": "",
        "taskRunReasons": [],
        "parent": "50fd4135-eebd-42ee-a339-7e9bca02e5d4",
        "logId": "59c40525-694b-47f0-8eea-1137cc899b23"
      },
      "log": {
        "_logger": {
          "category": "DurationEvent",
          "context": {},
          "callStackSkipIndex": 0
        },
        "_filelogger": {
          "category": "debug-file",
          "context": {},
          "callStackSkipIndex": 0
        },
        "anonymizeFileLogger": {
          "fileLogger": {
            "category": "debug-file",
            "context": {},
            "callStackSkipIndex": 0
          }
        }
      }
    },
    {
      "head": {
        "id": "59c40525-694b-47f0-8eea-1137cc899b23",
        "name": "\"afterNodeEvaluate\" hook function",
        "description": "",
        "type": "log"
      },
      "body": {
        "pid": 11044,
        "tid": "Main Thread",
        "startTime": 2276474784700,
        "endTime": 2276474796700
      },
      "additional": {
        "logType": "info",
        "children": [],
        "durationId": "703424cd-a912-40b3-8c10-b4baa9f1fa68",
        "parent": "ae7d350f-0e32-4c88-a444-b393175d1870"
      }
    },
    {
      "head": {
        "id": "ae7d350f-0e32-4c88-a444-b393175d1870",
        "name": "eval submodule",
        "description": "",
        "type": "log"
      },
      "body": {
        "pid": 11044,
        "tid": "Main Thread",
        "startTime": 2276463692800,
        "endTime": 2276474811800
      },
      "additional": {
        "logType": "info",
        "children": [
          "f157a400-a352-49ca-8b40-5de1ea6ec33f",
          "0b1e5295-e916-4e6c-ac70-9e6a44172b24",
          "59c40525-694b-47f0-8eea-1137cc899b23"
        ],
        "durationId": "50fd4135-eebd-42ee-a339-7e9bca02e5d4",
        "parent": "6c4794bf-2311-4014-be93-a665c53104b4"
      }
    },
    {
      "head": {
        "id": "6c4794bf-2311-4014-be93-a665c53104b4",
        "name": "eval modules",
        "description": "",
        "type": "log"
      },
      "body": {
        "pid": 11044,
        "tid": "Main Thread",
        "startTime": 2276463686500,
        "endTime": 2276474837000
      },
      "additional": {
        "logType": "info",
        "children": [
          "ae7d350f-0e32-4c88-a444-b393175d1870"
        ],
        "durationId": "47b5169b-f10c-448b-9706-85142fa0b4b5",
        "parent": "f7fcab58-2f8a-44bd-850f-34d1bfbda84c"
      }
    },
    {
      "head": {
        "id": "5e11c59f-3800-4bf8-aded-3ce0405f61c6",
        "name": "watch files: [\n  'D:\\\\devecostudio-windows-6.0.1.251\\\\devecostudio-windows-6.0.1.251\\\\LostFound\\\\hvigorfile.ts',\n  'D:\\\\devecostudio-windows-6.0.1.251\\\\devecostudio-windows-6.0.1.251\\\\LostFound\\\\entry\\\\hvigorfile.ts'\n]",
        "description": "",
        "type": "log"
      },
      "body": {
        "pid": 11044,
        "tid": "Main Thread",
        "startTime": 2276491392400
      },
      "additional": {
        "logType": "debug",
        "children": []
      }
    },
    {
      "head": {
        "id": "66246944-936d-41f0-8926-f1e8cff3408a",
        "name": "hvigorfile, resolve hvigorfile dependencies in 17 ms ",
        "description": "",
        "type": "log"
      },
      "body": {
        "pid": 11044,
        "tid": "Main Thread",
        "startTime": 2276491679700
      },
      "additional": {
        "logType": "debug",
        "children": []
      }
    },
    {
      "head": {
        "id": "e2870a87-b162-4ccc-80c6-410fdce5fd81",
        "name": "add config dependencies",
        "description": "",
        "type": "log"
      },
      "body": {
        "pid": 11044,
        "tid": "Main Thread",
        "startTime": 2276474844500,
        "endTime": 2276491746600
      },
      "additional": {
        "logType": "info",
        "children": [],
        "durationId": "8a358c39-5405-4c27-8ee7-10256fa880ea",
        "parent": "f7fcab58-2f8a-44bd-850f-34d1bfbda84c"
      }
    },
    {
      "head": {
        "id": "23a3c7f3-46f7-489d-816c-76d22b15d589",
        "name": "\"nodesEvaluated\" hook function",
        "description": "",
        "type": "duration"
      },
      "body": {
        "pid": 11044,
        "tid": "Main Thread",
        "startTime": 2276491777900,
        "endTime": 2276491927100
      },
      "additional": {
        "children": [],
        "state": "success",
        "targetName": "",
        "moduleName": "",
        "category": "",
        "taskRunReasons": [],
        "parent": "97bdc97e-3be7-4100-8a18-997918eb1b1b",
        "logId": "83df6f6a-6784-4676-a7fc-d1ea0131a89d"
      },
      "log": {
        "_logger": {
          "category": "DurationEvent",
          "context": {},
          "callStackSkipIndex": 0
        },
        "_filelogger": {
          "category": "debug-file",
          "context": {},
          "callStackSkipIndex": 0
        },
        "anonymizeFileLogger": {
          "fileLogger": {
            "category": "debug-file",
            "context": {},
            "callStackSkipIndex": 0
          }
        }
      }
    },
    {
      "head": {
        "id": "4af448aa-133f-4225-a632-c9bfbba9db1b",
        "name": "project has submodules:entry",
        "description": "",
        "type": "log"
      },
      "body": {
        "pid": 11044,
        "tid": "Main Thread",
        "startTime": 2276491803100
      },
      "additional": {
        "logType": "debug",
        "children": []
      }
    },
    {
      "head": {
        "id": "83df6f6a-6784-4676-a7fc-d1ea0131a89d",
        "name": "\"nodesEvaluated\" hook function",
        "description": "",
        "type": "log"
      },
      "body": {
        "pid": 11044,
        "tid": "Main Thread",
        "startTime": 2276491777900,
        "endTime": 2276491927100
      },
      "additional": {
        "logType": "info",
        "children": [],
        "durationId": "23a3c7f3-46f7-489d-816c-76d22b15d589",
        "parent": "f7fcab58-2f8a-44bd-850f-34d1bfbda84c"
      }
    },
    {
      "head": {
        "id": "97e5b051-f5e9-4199-9e31-ff9ffbf48213",
        "name": "start to load updatedOhPackageInfo to the disk",
        "description": "",
        "type": "log"
      },
      "body": {
        "pid": 11044,
        "tid": "Main Thread",
        "startTime": 2276492754500
      },
      "additional": {
        "logType": "debug",
        "children": []
      }
    },
    {
      "head": {
        "id": "7195fd78-1a35-4b0d-bee7-856b07194be6",
        "name": "load to the disk finished",
        "description": "",
        "type": "log"
      },
      "body": {
        "pid": 11044,
        "tid": "Main Thread",
        "startTime": 2276495595400
      },
      "additional": {
        "logType": "debug",
        "children": []
      }
    },
    {
      "head": {
        "id": "a4d47dcf-fb0e-4851-a867-3dbcc1e33999",
        "name": "ohpm install",
        "description": "",
        "type": "log"
      },
      "body": {
        "pid": 11044,
        "tid": "Main Thread",
        "startTime": 2276491935200,
        "endTime": 2276496374900
      },
      "additional": {
        "logType": "info",
        "children": [],
        "durationId": "35d0d6f4-c37c-478b-af99-6215435163ad",
        "parent": "f7fcab58-2f8a-44bd-850f-34d1bfbda84c"
      }
    },
    {
      "head": {
        "id": "48d19c3d-aa08-4759-a9ed-7e7c807379fc",
        "name": "Start to initialize dependency information.",
        "description": "",
        "type": "log"
      },
      "body": {
        "pid": 11044,
        "tid": "Main Thread",
        "startTime": 2276496429000
      },
      "additional": {
        "logType": "debug",
        "children": []
      }
    },
    {
      "head": {
        "id": "1e2e942d-c802-432c-bfab-89161eb110f6",
        "name": "Module LostFound Collected Dependency: ",
        "description": "",
        "type": "log"
      },
      "body": {
        "pid": 11044,
        "tid": "Main Thread",
        "startTime": 2276499579700
      },
      "additional": {
        "logType": "debug",
        "children": []
      }
    },
    {
      "head": {
        "id": "e1ff9a19-0478-4796-8a75-87f9853587d6",
        "name": "Module LostFound's total dependency: 0",
        "description": "",
        "type": "log"
      },
      "body": {
        "pid": 11044,
        "tid": "Main Thread",
        "startTime": 2276499680300
      },
      "additional": {
        "logType": "debug",
        "children": []
      }
    },
    {
      "head": {
        "id": "13562f2c-65df-4b2d-8a75-329a6a698c3b",
        "name": "Start to initialize dependency information.",
        "description": "",
        "type": "log"
      },
      "body": {
        "pid": 11044,
        "tid": "Main Thread",
        "startTime": 2276500108600
      },
      "additional": {
        "logType": "debug",
        "children": []
      }
    },
    {
      "head": {
        "id": "24720994-ddb8-4027-a017-8ec586c14e11",
        "name": "Module entry Collected Dependency: ",
        "description": "",
        "type": "log"
      },
      "body": {
        "pid": 11044,
        "tid": "Main Thread",
        "startTime": 2276501863100
      },
      "additional": {
        "logType": "debug",
        "children": []
      }
    },
    {
      "head": {
        "id": "08376c02-8e8e-48da-ae7f-872c3420aa8a",
        "name": "Module entry's total dependency: 0",
        "description": "",
        "type": "log"
      },
      "body": {
        "pid": 11044,
        "tid": "Main Thread",
        "startTime": 2276501945000
      },
      "additional": {
        "logType": "debug",
        "children": []
      }
    },
    {
      "head": {
        "id": "be2c9523-cd4a-4d94-8c98-a0201fd62f9a",
        "name": "eval hook",
        "description": "",
        "type": "log"
      },
      "body": {
        "pid": 11044,
        "tid": "Main Thread",
        "startTime": 2276496405300,
        "endTime": 2276503139600
      },
      "additional": {
        "logType": "info",
        "children": [],
        "durationId": "aa70e6d6-5938-4ad4-b749-4bcc5b92a5e2",
        "parent": "f7fcab58-2f8a-44bd-850f-34d1bfbda84c"
      }
    },
    {
      "head": {
        "id": "1acc04f7-7575-4541-aa7e-ba67694b887a",
        "name": "Configuration phase cost:84 ms ",
        "description": "",
        "type": "log"
      },
      "body": {
        "pid": 11044,
        "tid": "Main Thread",
        "startTime": 2276503182100
      },
      "additional": {
        "logType": "debug",
        "children": []
      }
    },
    {
      "head": {
        "id": "634311a2-0ac5-4370-b2c8-e8ed95733942",
        "name": "fin configuration",
        "description": "",
        "type": "log"
      },
      "body": {
        "pid": 11044,
        "tid": "Main Thread",
        "startTime": 2276503158900,
        "endTime": 2276503257100
      },
      "additional": {
        "logType": "info",
        "children": [],
        "durationId": "7f4e3b9a-3d18-437f-9e04-228eae2b27a5",
        "parent": "f7fcab58-2f8a-44bd-850f-34d1bfbda84c"
      }
    },
    {
      "head": {
        "id": "f7fcab58-2f8a-44bd-850f-34d1bfbda84c",
        "name": "configure hvigor plugin",
        "description": "",
        "type": "log"
      },
      "body": {
        "pid": 11044,
        "tid": "Main Thread",
        "startTime": 2276419572100,
        "endTime": 2276503265400
      },
      "additional": {
        "logType": "info",
        "children": [
          "50da0b57-e13f-4920-b4de-d9bb4bdaabbf",
          "1e2757a1-289a-4a14-8f10-8b934ba99354",
          "3c2805c7-7014-46bc-a39e-0f687a62fbe8",
          "6c4794bf-2311-4014-be93-a665c53104b4",
          "e2870a87-b162-4ccc-80c6-410fdce5fd81",
          "a4d47dcf-fb0e-4851-a867-3dbcc1e33999",
          "be2c9523-cd4a-4d94-8c98-a0201fd62f9a",
          "634311a2-0ac5-4370-b2c8-e8ed95733942",
          "83df6f6a-6784-4676-a7fc-d1ea0131a89d"
        ],
        "durationId": "97bdc97e-3be7-4100-8a18-997918eb1b1b",
        "parent": "cb03bb53-9978-465e-ab0e-b3af43181c53"
      }
    },
    {
      "head": {
        "id": "9a61149f-abad-4880-bd98-1cc2aea8535f",
        "name": "\"taskGraphResolved\" hook function",
        "description": "",
        "type": "duration"
      },
      "body": {
        "pid": 11044,
        "tid": "Main Thread",
        "startTime": 2276503647100,
        "endTime": 2276503657000
      },
      "additional": {
        "children": [],
        "state": "success",
        "targetName": "",
        "moduleName": "",
        "category": "",
        "taskRunReasons": [],
        "parent": "70ccf88e-a546-4cb0-9348-8bd5759a1086",
        "logId": "d03e185c-21a9-4baa-ae07-8ddf047a8564"
      },
      "log": {
        "_logger": {
          "category": "DurationEvent",
          "context": {},
          "callStackSkipIndex": 0
        },
        "_filelogger": {
          "category": "debug-file",
          "context": {},
          "callStackSkipIndex": 0
        },
        "anonymizeFileLogger": {
          "fileLogger": {
            "category": "debug-file",
            "context": {},
            "callStackSkipIndex": 0
          }
        }
      }
    },
    {
      "head": {
        "id": "d03e185c-21a9-4baa-ae07-8ddf047a8564",
        "name": "\"taskGraphResolved\" hook function",
        "description": "",
        "type": "log"
      },
      "body": {
        "pid": 11044,
        "tid": "Main Thread",
        "startTime": 2276503647100,
        "endTime": 2276503657000
      },
      "additional": {
        "logType": "info",
        "children": [],
        "durationId": "9a61149f-abad-4880-bd98-1cc2aea8535f",
        "parent": "cb03bb53-9978-465e-ab0e-b3af43181c53"
      }
    },
    {
      "head": {
        "id": "169fae65-a27b-4764-b483-9d2038da20d6",
        "name": "build task graph",
        "description": "",
        "type": "log"
      },
      "body": {
        "pid": 11044,
        "tid": "Main Thread",
        "startTime": 2276503284300,
        "endTime": 2276503661700
      },
      "additional": {
        "logType": "info",
        "children": [],
        "durationId": "eebbca8c-e3b2-4a88-8332-3c46404e664e",
        "parent": "cb03bb53-9978-465e-ab0e-b3af43181c53"
      }
    },
    {
      "head": {
        "id": "76385b9f-614c-41d0-ae79-a28787a17453",
        "name": "init task execution option",
        "description": "",
        "type": "log"
      },
      "body": {
        "pid": 11044,
        "tid": "Main Thread",
        "startTime": 2276503665200,
        "endTime": 2276503669900
      },
      "additional": {
        "logType": "info",
        "children": [],
        "durationId": "f26ac691-3d10-49c6-b605-b3691cca7e57",
        "parent": "cb03bb53-9978-465e-ab0e-b3af43181c53"
      }
    },
    {
      "head": {
        "id": "cb03bb53-9978-465e-ab0e-b3af43181c53",
        "name": "init",
        "description": "",
        "type": "log"
      },
      "body": {
        "pid": 11044,
        "tid": "Main Thread",
        "startTime": 2276413760900,
        "endTime": 2276503672500
      },
      "additional": {
        "logType": "info",
        "children": [
          "b65f0723-5cb7-4289-8373-55317e3d56a9",
          "f7fcab58-2f8a-44bd-850f-34d1bfbda84c",
          "169fae65-a27b-4764-b483-9d2038da20d6",
          "76385b9f-614c-41d0-ae79-a28787a17453",
          "00e3df99-5397-48cb-b27c-c71e650af85f",
          "5dbdd8b8-12f2-4f17-ab9f-4f1bd17b5bb4",
          "d03e185c-21a9-4baa-ae07-8ddf047a8564"
        ],
        "durationId": "70ccf88e-a546-4cb0-9348-8bd5759a1086"
      }
    },
    {
      "head": {
        "id": "57566fce-e3ac-4fe2-a1a0-72a6b804b4b9",
        "name": "Configuration task cost before running: 91 ms ",
        "description": "",
        "type": "log"
      },
      "body": {
        "pid": 11044,
        "tid": "Main Thread",
        "startTime": 2276503757200
      },
      "additional": {
        "logType": "debug",
        "children": []
      }
    },
    {
      "head": {
        "id": "1fcefe07-872d-4f7c-b3ff-d6caadab4d99",
        "name": "entry:default@PreBuild",
        "description": "Pre-build in the stage model.",
        "type": "duration"
      },
      "body": {
        "pid": 11044,
        "tid": "Main Thread",
        "startTime": 2276506524900,
        "endTime": 2276513839300
      },
      "additional": {
        "children": [],
        "state": "failed",
        "targetName": "default",
        "moduleName": "entry",
        "category": "Verification",
        "taskRunReasons": [],
        "detailId": "4a8e9f70-99eb-4213-8dd8-6135b3f7dfb2",
        "logId": "e719649a-2de0-404f-9f71-393a5d47da10"
      },
      "log": {
        "_logger": {
          "category": "DurationEvent",
          "context": {},
          "callStackSkipIndex": 0
        },
        "_filelogger": {
          "category": "debug-file",
          "context": {},
          "callStackSkipIndex": 0
        },
        "anonymizeFileLogger": {
          "fileLogger": {
            "category": "debug-file",
            "context": {},
            "callStackSkipIndex": 0
          }
        }
      }
    },
    {
      "head": {
        "id": "4a8e9f70-99eb-4213-8dd8-6135b3f7dfb2",
        "name": "create entry:default@PreBuild task",
        "description": "",
        "type": "log"
      },
      "body": {
        "pid": 11044,
        "tid": "Main Thread",
        "startTime": 2276503896900
      },
      "additional": {
        "logType": "detail",
        "children": [],
        "durationId": "1fcefe07-872d-4f7c-b3ff-d6caadab4d99"
      }
    },
    {
      "head": {
        "id": "0648ba8e-cdd3-4ece-80bc-29dc6838eb3d",
        "name": "Executing task :entry:default@PreBuild",
        "description": "",
        "type": "log"
      },
      "body": {
        "pid": 11044,
        "tid": "Main Thread",
        "startTime": 2276506545400
      },
      "additional": {
        "logType": "debug",
        "children": []
      }
    },
    {
      "head": {
        "id": "0c1c1b95-8437-44b3-ac7e-b5bfd0539bc2",
        "name": "Task 'entry:default@PreBuild' cost while wrapping incremental declarations: 1 ms ",
        "description": "",
        "type": "log"
      },
      "body": {
        "pid": 11044,
        "tid": "Main Thread",
        "startTime": 2276507129700
      },
      "additional": {
        "logType": "debug",
        "children": []
      }
    },
    {
      "head": {
        "id": "e719649a-2de0-404f-9f71-393a5d47da10",
        "name": "Failed :entry:default@PreBuild",
        "description": "Pre-build in the stage model.",
        "type": "log"
      },
      "body": {
        "pid": 11044,
        "tid": "Main Thread",
        "startTime": 2276506524900,
        "endTime": 2276513839300
      },
      "additional": {
        "logType": "error",
        "children": [],
        "durationId": "1fcefe07-872d-4f7c-b3ff-d6caadab4d99"
      }
    },
    {
      "head": {
        "id": "eb207f93-6248-49fd-bb20-9b8fd9fdb5fc",
        "name": "hvigor build process will be closed with an error.",
        "description": "",
        "type": "log"
      },
      "body": {
        "pid": 11044,
        "tid": "Main Thread",
        "startTime": 2276514029700
      },
      "additional": {
        "logType": "debug",
        "children": [],
        "durationId": "1fcefe07-872d-4f7c-b3ff-d6caadab4d99"
      }
    },
    {
      "head": {
        "id": "2971e756-50dd-4fa6-bc19-49ba57dda355",
        "name": "\u001b[31m00303038 Configuration Error\r\nError Message: Schema validate failed, at file: D:\\devecostudio-windows-6.0.1.251\\devecostudio-windows-6.0.1.251\\LostFound\\entry\\src\\main\\resources\\base\\profile\\main_pages.json\r\n\r\n* Try the following:\r\n  > Please check the following fields. \r\n {\n  instancePath: '',\n  keyword: 'type',\n  params: { type: 'object' },\n  message: 'must be object',\n  location: 'D:/devecostudio-windows-6.0.1.251/devecostudio-windows-6.0.1.251/LostFound/entry/src/main/resources/base/profile/main_pages.json:1:2'\n} \r\n\r\n\u001b[39m\r\n\r\n\u001b[31m* Try:\r\n> Run with --stacktrace option to get the stack trace.\r\n> Run with --debug option to get more log output.\r\n",
        "description": "",
        "type": "log"
      },
      "body": {
        "pid": 11044,
        "tid": "Main Thread",
        "startTime": 2276514089200
      },
      "additional": {
        "logType": "error",
        "children": [],
        "durationId": "1fcefe07-872d-4f7c-b3ff-d6caadab4d99"
      }
    },
    {
      "head": {
        "id": "f60f9082-13af-491a-a24f-29adae5b4984",
        "name": "ERROR: stacktrace = AdaptorError: \u001b[31m00303038 Configuration Error\r\nError Message: Schema validate failed, at file: D:\\devecostudio-windows-6.0.1.251\\devecostudio-windows-6.0.1.251\\LostFound\\entry\\src\\main\\resources\\base\\profile\\main_pages.json\r\n\r\n* Try the following:\r\n  > Please check the following fields. \r\n {\n  instancePath: '',\n  keyword: 'type',\n  params: { type: 'object' },\n  message: 'must be object',\n  location: 'D:/devecostudio-windows-6.0.1.251/devecostudio-windows-6.0.1.251/LostFound/entry/src/main/resources/base/profile/main_pages.json:1:2'\n} \r\n\r\n\u001b[39m\n    at OhosLogger.printErrorExit (D:\\devecostudio-windows-6.0.1.251\\devecostudio-windows-6.0.1.251\\DevEco Studio\\tools\\hvigor\\hvigor\\src\\base\\log\\hvigor-log.js:1:5069)\n    at ValidateUtil.doSchemaCheck (D:\\devecostudio-windows-6.0.1.251\\devecostudio-windows-6.0.1.251\\DevEco Studio\\tools\\hvigor\\hvigor-ohos-plugin\\src\\utils\\validate\\validate-util.js:1:8147)\n    at ValidateUtil.submitSchemaCheckWork (D:\\devecostudio-windows-6.0.1.251\\devecostudio-windows-6.0.1.251\\DevEco Studio\\tools\\hvigor\\hvigor-ohos-plugin\\src\\utils\\validate\\validate-util.js:1:6998)\n    at PreBuild.pagesJsonValidate (D:\\devecostudio-windows-6.0.1.251\\devecostudio-windows-6.0.1.251\\DevEco Studio\\tools\\hvigor\\hvigor-ohos-plugin\\src\\tasks\\pre-build.js:1:21692)\n    at PreBuild.doValidateForDiffApiType (D:\\devecostudio-windows-6.0.1.251\\devecostudio-windows-6.0.1.251\\DevEco Studio\\tools\\hvigor\\hvigor-ohos-plugin\\src\\tasks\\pre-build.js:1:9700)\n    at PreBuild.doTaskAction (D:\\devecostudio-windows-6.0.1.251\\devecostudio-windows-6.0.1.251\\DevEco Studio\\tools\\hvigor\\hvigor-ohos-plugin\\src\\tasks\\abstract\\abstract-pre-build.js:1:7232)\n    at PreBuild.<anonymous> (D:\\devecostudio-windows-6.0.1.251\\devecostudio-windows-6.0.1.251\\DevEco Studio\\tools\\hvigor\\hvigor-ohos-plugin\\src\\tasks\\task\\ohos-module-task.js:1:2074)\n    at process.processTicksAndRejections (node:internal/process/task_queues:95:5)\n    at async PreBuild.execute (D:\\devecostudio-windows-6.0.1.251\\devecostudio-windows-6.0.1.251\\DevEco Studio\\tools\\hvigor\\hvigor\\src\\base\\external\\task\\core-task-impl.js:1:2191)\n    at async TaskProxy.execute (D:\\devecostudio-windows-6.0.1.251\\devecostudio-windows-6.0.1.251\\DevEco Studio\\tools\\hvigor\\hvigor\\src\\base\\internal\\task\\proxy\\task-proxy.js:1:6131)",
        "description": "",
        "type": "log"
      },
      "body": {
        "pid": 11044,
        "tid": "Main Thread",
        "startTime": 2276514269500
      },
      "additional": {
        "logType": "debug",
        "children": [],
        "durationId": "1fcefe07-872d-4f7c-b3ff-d6caadab4d99"
      }
    },
    {
      "head": {
        "id": "19bcc360-9a3c-45cd-b787-3d874bd9fb31",
        "name": "\"buildFinished\" hook function",
        "description": "",
        "type": "duration"
      },
      "body": {
        "pid": 11044,
        "tid": "Main Thread",
        "startTime": 2276518734400,
        "endTime": 2276518754800
      },
      "additional": {
        "children": [],
        "state": "success",
        "targetName": "",
        "moduleName": "",
        "category": "",
        "taskRunReasons": [],
        "parent": "7a1f72ed-2706-43ae-a7a2-f0bfcb8d7a30",
        "logId": "59e3f156-e681-4326-b6f9-c64481bc9101"
      },
      "log": {
        "_logger": {
          "category": "DurationEvent",
          "context": {},
          "callStackSkipIndex": 0
        },
        "_filelogger": {
          "category": "debug-file",
          "context": {},
          "callStackSkipIndex": 0
        },
        "anonymizeFileLogger": {
          "fileLogger": {
            "category": "debug-file",
            "context": {},
            "callStackSkipIndex": 0
          }
        }
      }
    },
    {
      "head": {
        "id": "59e3f156-e681-4326-b6f9-c64481bc9101",
        "name": "\"buildFinished\" hook function",
        "description": "",
        "type": "log"
      },
      "body": {
        "pid": 11044,
        "tid": "Main Thread",
        "startTime": 2276518734400,
        "endTime": 2276518754800
      },
      "additional": {
        "logType": "info",
        "children": [],
        "durationId": "19bcc360-9a3c-45cd-b787-3d874bd9fb31"
      }
    },
    {
      "head": {
        "id": "a4e0c5f5-abd4-45b6-bb80-77b2eb670a21",
        "name": "PreviewBuild",
        "description": "",
        "type": "mark"
      },
      "body": {
        "pid": 11044,
        "tid": "Main Thread",
        "startTime": 2276413413800,
        "endTime": 2276518852400
      },
      "additional": {
        "time": {
          "year": 2025,
          "month": 12,
          "day": 17,
          "hour": 21,
          "minute": 40,
          "second": 22
        },
        "completeCommand": "{\"mode\":\"module\",\"completeCommand\":\"--mode module -p module=entry@default -p product=default -p previewer.replace.page=pages/LoginPage -p pageType=page -p compileResInc=true -p previewMode=true -p buildRoot=.preview PreviewBuild --watch --analyze=normal --parallel --incremental --daemon\",\"watch\":true,\"parallel\":true,\"prop\":[\"module=entry@default\",\"product=default\",\"previewer.replace.page=pages/LoginPage\",\"pageType=page\",\"compileResInc=true\",\"previewMode=true\",\"buildRoot=.preview\"],\"incremental\":true,\"_\":[\"PreviewBuild\"],\"daemon\":true,\"analyze\":\"normal\"};--mode module -p module=entry@default -p product=default -p previewer.replace.page=pages/LoginPage -p pageType=page -p compileResInc=true -p previewMode=true -p buildRoot=.preview PreviewBuild --watch --analyze=normal --parallel --incremental --daemon",
        "hvigorVersion": "6.21.1",
        "markType": "history",
        "nodeVersion": "v18.20.1",
        "category": "build",
        "state": "failed"
      }
    },
    {
      "head": {
        "id": "a1037416-849d-4a96-8f98-0b38cbefd6f9",
        "name": "BUILD FAILED in 106 ms ",
        "description": "",
        "type": "log"
      },
      "body": {
        "pid": 11044,
        "tid": "Main Thread",
        "startTime": 2276518874100
      },
      "additional": {
        "logType": "error",
        "children": []
      }
    },
    {
      "head": {
        "id": "ccd8be54-8d62-4869-994a-f2cca5e82e05",
        "name": "Update task entry:default@PreBuild input file:D:\\devecostudio-windows-6.0.1.251\\devecostudio-windows-6.0.1.251\\LostFound\\AppScope\\app.json5 cache by regenerate.",
        "description": "",
        "type": "log"
      },
      "body": {
        "pid": 11044,
        "tid": "Main Thread",
        "startTime": 2276519653900
      },
      "additional": {
        "logType": "debug",
        "children": []
      }
    },
    {
      "head": {
        "id": "23e8479b-7ba4-4558-b393-3b431180fa0c",
        "name": "Update task entry:default@PreBuild input file:D:\\devecostudio-windows-6.0.1.251\\devecostudio-windows-6.0.1.251\\LostFound\\entry\\src\\main\\module.json5 cache by regenerate.",
        "description": "",
        "type": "log"
      },
      "body": {
        "pid": 11044,
        "tid": "Main Thread",
        "startTime": 2276519943000
      },
      "additional": {
        "logType": "debug",
        "children": []
      }
    },
    {
      "head": {
        "id": "b1995f41-7d07-41f9-b5dc-9124b860d116",
        "name": "Update task entry:default@PreBuild input file:D:\\devecostudio-windows-6.0.1.251\\devecostudio-windows-6.0.1.251\\LostFound\\build-profile.json5 cache by regenerate.",
        "description": "",
        "type": "log"
      },
      "body": {
        "pid": 11044,
        "tid": "Main Thread",
        "startTime": 2276520191200
      },
      "additional": {
        "logType": "debug",
        "children": []
      }
    },
    {
      "head": {
        "id": "7ae588f1-b324-4c3b-8977-e5bdce77d280",
        "name": "Update task entry:default@PreBuild input file:D:\\devecostudio-windows-6.0.1.251\\devecostudio-windows-6.0.1.251\\LostFound\\entry\\build-profile.json5 cache by regenerate.",
        "description": "",
        "type": "log"
      },
      "body": {
        "pid": 11044,
        "tid": "Main Thread",
        "startTime": 2276520407900
      },
      "additional": {
        "logType": "debug",
        "children": []
      }
    },
    {
      "head": {
        "id": "2b87a090-80d8-4ae3-ac09-72140ac72991",
        "name": "Update task entry:default@PreBuild input file:D:\\devecostudio-windows-6.0.1.251\\devecostudio-windows-6.0.1.251\\LostFound\\entry\\src\\main\\resources\\base\\profile\\main_pages.json cache by regenerate.",
        "description": "",
        "type": "log"
      },
      "body": {
        "pid": 11044,
        "tid": "Main Thread",
        "startTime": 2276520573400
      },
      "additional": {
        "logType": "debug",
        "children": []
      }
    },
    {
      "head": {
        "id": "a4a22597-1947-475f-9ee6-2baab8a21ec5",
        "name": "Update task entry:default@PreBuild input file:D:\\devecostudio-windows-6.0.1.251\\devecostudio-windows-6.0.1.251\\LostFound\\hvigor\\hvigor-config.json5 cache by regenerate.",
        "description": "",
        "type": "log"
      },
      "body": {
        "pid": 11044,
        "tid": "Main Thread",
        "startTime": 2276520757300
      },
      "additional": {
        "logType": "debug",
        "children": []
      }
    },
    {
      "head": {
        "id": "b07835a1-5500-40ef-9f9a-496ef6aa75f7",
        "name": "Update task entry:default@PreBuild input file:D:\\devecostudio-windows-6.0.1.251\\devecostudio-windows-6.0.1.251\\LostFound\\entry\\src\\mock\\mock-config.json5 cache by regenerate.",
        "description": "",
        "type": "log"
      },
      "body": {
        "pid": 11044,
        "tid": "Main Thread",
        "startTime": 2276520976700
      },
      "additional": {
        "logType": "debug",
        "children": []
      }
    },
    {
      "head": {
        "id": "04292d08-b2c7-4679-8d7a-b8c85cdaf76b",
        "name": "Update task entry:default@PreBuild input file:D:\\devecostudio-windows-6.0.1.251\\devecostudio-windows-6.0.1.251\\LostFound\\entry\\oh-package.json5 cache by regenerate.",
        "description": "",
        "type": "log"
      },
      "body": {
        "pid": 11044,
        "tid": "Main Thread",
        "startTime": 2276521188900
      },
      "additional": {
        "logType": "debug",
        "children": []
      }
    },
    {
      "head": {
        "id": "3e7e8b2c-08b5-40ca-829f-b63228d24cec",
        "name": "Update task entry:default@PreBuild input file:D:\\devecostudio-windows-6.0.1.251\\devecostudio-windows-6.0.1.251\\LostFound\\oh-package.json5 cache by regenerate.",
        "description": "",
        "type": "log"
      },
      "body": {
        "pid": 11044,
        "tid": "Main Thread",
        "startTime": 2276521395900
      },
      "additional": {
        "logType": "debug",
        "children": []
      }
    },
    {
      "head": {
        "id": "a78e7138-62c9-499d-85e3-1670a2f85f93",
        "name": "Incremental task entry:default@PreBuild post-execution cost:3 ms .",
        "description": "",
        "type": "log"
      },
      "body": {
        "pid": 11044,
        "tid": "Main Thread",
        "startTime": 2276521613000
      },
      "additional": {
        "logType": "debug",
        "children": []
      }
    }
  ],
  "workLog": []
}