{":LostFound:entry:default@PreBuild":{"_inputs":[{"dataType":"ValueEntry","value":"{\"_name\":\"BUILTIN_TASK_COMMAND\",\"_value\":\"\",\"_valueType\":\"string\",\"_hash\":\"6c1049eece256c5ecd9a72bb60d260f5eaa0c767e9261531c19a2711a4384caa\"}"},{"dataType":"ValueEntry","value":"{\"_name\":\"BUILTIN_TASK_ENV\",\"_value\":\"\",\"_valueType\":\"string\",\"_hash\":\"fab23d53b4bed861bede91aa55abd54ccbb48f2366122ec79fa9d6a917cab83a\"}"},{"dataType":"ValueEntry","value":"{\"_name\":\"BUILTIN_TASK_TOOLCHAIN\",\"_value\":\"\",\"_valueType\":\"string\",\"_hash\":\"f354d8b3443da1d086e3f8d488045965d1abb7d86e6d7602e63c46d85ae85454\"}"},{"dataType":"ValueEntry","value":"{\"_name\":\"apiType\",\"_value\":\"stageMode\",\"_valueType\":\"string\",\"_hash\":\"9ac09f1ae36c615b7034e57604d143ee6f7923a31f49ed79ba5af84e65bd2cd5\"}"},{"dataType":"ValueEntry","value":"{\"_name\":\"byteCodeHar\",\"_value\":false,\"_valueType\":\"boolean\",\"_hash\":\"4a2f0b0a7b1684665f4cfdf556e7849eb7b76fd73c8be3b83a43ccf9022a23dc\"}"},{"dataType":"ValueEntry","value":"{\"_name\":\"codeType\",\"_value\":true,\"_valueType\":\"boolean\",\"_hash\":\"55d417a3ae2590190c5eec1f80e83526051dc5fd38bfdf095543a8ebfb0969d0\"}"},{"dataType":"ValueEntry","value":"{\"_name\":\"compatibleApiVersion\",\"_value\":21,\"_valueType\":\"number\",\"_hash\":\"624a96f106d6b8478cc921abcf4151a1fc63573f476f9bf62fd1cfedac78067a\"}"},{"dataType":"ValueEntry","value":"{\"_name\":\"compileApiVersion\",\"_value\":21,\"_valueType\":\"number\",\"_hash\":\"172e07e1335bae92f1242f8a7ae7145e7cc2346411314feb3d79274c65d19671\"}"},{"dataType":"ValueEntry","value":"{\"_name\":\"configuration\",\"_value\":\"\",\"_valueType\":\"string\",\"_hash\":\"b041968df1b26a31cfc4ac747e70435fa5a69b22512251322233d70b778fdade\"}"},{"dataType":"ValueEntry","value":"{\"_name\":\"configurationFileJson\",\"_value\":\"\",\"_valueType\":\"string\",\"_hash\":\"38995319d700f1305e6f6c3f020f422155fa8dbd43f1ebc9125ad7fdfa41a760\"}"},{"dataType":"ValueEntry","value":"{\"_name\":\"customTypes\",\"_value\":\"\",\"_valueType\":\"string\",\"_hash\":\"a53b59d3cf3d0e26864fb7740c427a8bb49c88847f89d2674bae0714f005cd69\"}"},{"dataType":"ValueEntry","value":"{\"_name\":\"deviceType\",\"_value\":[\"phone\"],\"_valueType\":\"object\",\"_hash\":\"35058b222bc7d5123f775d086d840977321c7cf65da5bf12a25b22a071dddbdb\"}"},{"dataType":"ValueEntry","value":"{\"_name\":\"excludeExpandImportDependencyNames\",\"_value\":[],\"_valueType\":\"object\",\"_hash\":\"7ac740b7270690c6ad8e2c54545fb0683a607618b35bc56fa079abd95d469671\"}"},{"dataType":"ValueEntry","value":"{\"_name\":\"integrated_hsp\",\"_value\":false,\"_valueType\":\"boolean\",\"_hash\":\"c8e0a42238b6cb31ba5369f43f42fa7da63c8b99e3bc85ae67f55c6b25ba0540\"}"},{"dataType":"ValueEntry","value":"{\"_name\":\"isExpandImportEnabled\",\"_value\":false,\"_valueType\":\"boolean\",\"_hash\":\"b67a29a46e7f73582199a2914054cf91c9c3c5201bae6150d41cb4ff12f75a33\"}"},{"dataType":"ValueEntry","value":"{\"_name\":\"isPreloadSystemSoEnabled\",\"_value\":false,\"_valueType\":\"boolean\",\"_hash\":\"6ac08297964668ba6d6497fff711f690384b7295ce0ad8544261dd56d792025c\"}"},{"dataType":"ValueEntry","value":"{\"_name\":\"isSingleFileEmitEnabled\",\"_value\":false,\"_valueType\":\"boolean\",\"_hash\":\"e4c94844e729a98f2b41957f8a30299cb4b7008cbb2b94ad9f2b339252b2a3e8\"}"},{"dataType":"ValueEntry","value":"{\"_name\":\"isSupportOhpmProj\",\"_value\":true,\"_valueType\":\"boolean\",\"_hash\":\"9338de8e6e2136c4fbf4aca514d6b4410fe55bc08b27a9df26930b1bc45b181b\"}"},{"dataType":"ValueEntry","value":"{\"_name\":\"mockConfigSources\",\"_value\":\"\",\"_valueType\":\"string\",\"_hash\":\"a3bff00750cc8a798045da26a41c733414559f8c03a3b3b128a9d5d1b4030388\"}"},{"dataType":"ValueEntry","value":"{\"_name\":\"moduleDependencyNames\",\"_value\":[],\"_valueType\":\"object\",\"_hash\":\"a371086d2024edef8e9b6734d528894e3bd2f5c7a4f7158b62a2545963146831\"}"},{"dataType":"ValueEntry","value":"{\"_name\":\"moduleJsonOpt\",\"_value\":\"{\\\"jsonFilePath\\\":\\\"D:\\\\\\\\devecostudio-windows-6.0.1.251\\\\\\\\devecostudio-windows-6.0.1.251\\\\\\\\LostFound\\\\\\\\entry\\\\\\\\src\\\\\\\\main\\\\\\\\module.json5\\\",\\\"profile\\\":{\\\"module\\\":{\\\"name\\\":\\\"entry\\\",\\\"type\\\":\\\"entry\\\",\\\"description\\\":\\\"$string:module_desc\\\",\\\"mainElement\\\":\\\"EntryAbility\\\",\\\"deviceTypes\\\":[\\\"phone\\\"],\\\"deliveryWithInstall\\\":true,\\\"installationFree\\\":false,\\\"pages\\\":\\\"$profile:main_pages\\\",\\\"abilities\\\":[{\\\"name\\\":\\\"EntryAbility\\\",\\\"srcEntry\\\":\\\"./ets/entryability/EntryAbility.ets\\\",\\\"description\\\":\\\"$string:EntryAbility_desc\\\",\\\"icon\\\":\\\"$media:layered_image\\\",\\\"label\\\":\\\"$string:EntryAbility_label\\\",\\\"startWindowIcon\\\":\\\"$media:startIcon\\\",\\\"startWindowBackground\\\":\\\"$color:start_window_background\\\",\\\"exported\\\":true,\\\"skills\\\":[{\\\"entities\\\":[\\\"entity.system.home\\\"],\\\"actions\\\":[\\\"ohos.want.action.home\\\"]}]}],\\\"extensionAbilities\\\":[{\\\"name\\\":\\\"EntryBackupAbility\\\",\\\"srcEntry\\\":\\\"./ets/entrybackupability/EntryBackupAbility.ets\\\",\\\"type\\\":\\\"backup\\\",\\\"exported\\\":false,\\\"metadata\\\":[{\\\"name\\\":\\\"ohos.extension.backup\\\",\\\"resource\\\":\\\"$profile:backup_config\\\"}]}]}},\\\"deviceTypes\\\":[\\\"phone\\\"],\\\"deviceConfig\\\":\\\"deviceTypes\\\",\\\"configurationProfile\\\":\\\"module.json5\\\"}\",\"_valueType\":\"string\",\"_hash\":\"1996ae8166a7f850c401b0249ea59eb273d23411dbecc9e76e836223950bb8dc\"}"},{"dataType":"ValueEntry","value":"{\"_name\":\"profileModuleName\",\"_value\":\"entry\",\"_valueType\":\"string\",\"_hash\":\"78e7b86d1a6d2e9e31fd10fc7e74c0a899014f517dec9eb153efb2374affaafd\"}"},{"dataType":"ValueEntry","value":"{\"_name\":\"removePermissions\",\"_valueType\":\"undefined\",\"_hash\":\"68ce79e87f7bc97a0e03070101e01e1b68b101f52b35a57fde4a1b321be3bdde\"}"},{"dataType":"ValueEntry","value":"{\"_name\":\"requiredDeviceType\",\"_value\":\"\",\"_valueType\":\"string\",\"_hash\":\"d53e6eaa8506ecaa660904b04d0296bd447ad8d55785334aa590509fbf0cf454\"}"},{"dataType":"ValueEntry","value":"{\"_name\":\"sdkToolchainsComponentVersion\",\"_value\":\"6.0.1.112\",\"_valueType\":\"string\",\"_hash\":\"5aa04930935ab81a2525ddd8dd7e27de2015f382963088d7b7f782ee65d60781\"}"},{"dataType":"ValueEntry","value":"{\"_name\":\"sourceRoots\",\"_value\":true,\"_valueType\":\"boolean\",\"_hash\":\"09f6b4afb8ee03e299b12d3d2d17163933dca5fed9db3a9d0bc0694a7c1a8ff8\"}"},{"dataType":"ValueEntry","value":"{\"_name\":\"targetStatusCode\",\"_value\":2,\"_valueType\":\"number\",\"_hash\":\"6946489f2257d736396b7b570077542aef0edefbcd7f8686c6020a2a9d5530fa\"}"},{"dataType":"ValueEntry","value":"{\"_name\":\"transformLib\",\"_value\":\"\",\"_valueType\":\"string\",\"_hash\":\"e290891c0838ca6470020dcf292833f2588221dca1a7fa6af21969fb642d4e6d\"}"},{"dataType":"ValueEntry","value":"{\"_name\":\"useNormalizedOHMUrl\",\"_value\":true,\"_valueType\":\"boolean\",\"_hash\":\"0224eeca0e5401fc0c653dbed2bab63ff91b2d1c8e23719fbab4e11e695311d9\"}"}],"_successful":true,"_projectName":"LostFound","_moduleName":"entry","_taskName":"default@PreBuild","_key":":LostFound:entry:default@PreBuild","_executionId":":LostFound:entry:default@PreBuild:1765983923710","_inputFiles":{"dataType":"Map","value":[["D:\\devecostudio-windows-6.0.1.251\\devecostudio-windows-6.0.1.251\\LostFound\\AppScope\\app.json5",{"isDirectory":false,"fileSnapShotHashValue":"ac4520f4a2b3a4bab49749b77254587b33cddbb8af15e23a9e37dcfd72d56362"}],["D:\\devecostudio-windows-6.0.1.251\\devecostudio-windows-6.0.1.251\\LostFound\\entry\\src\\main\\module.json5",{"isDirectory":false,"fileSnapShotHashValue":"80876a62e9288dbb19744aa587fe9c0f886711827de3f3c4df76912c8d763024"}],["D:\\devecostudio-windows-6.0.1.251\\devecostudio-windows-6.0.1.251\\LostFound\\build-profile.json5",{"fileSnapShotHashValue":"1d47ee788995c1c4a39d8495d9900bc1bd1ebc9134102697af6d6bbddfac5553"}],["D:\\devecostudio-windows-6.0.1.251\\devecostudio-windows-6.0.1.251\\LostFound\\entry\\build-profile.json5",{"fileSnapShotHashValue":"b387dfa34a706cfb807ebe82f2cfda47714adac1a09797aaf8010b65be168db7"}],["D:\\devecostudio-windows-6.0.1.251\\devecostudio-windows-6.0.1.251\\LostFound\\entry\\src\\main\\resources\\base\\profile\\main_pages.json",{"fileSnapShotHashValue":"9dd09ad489a69e1466993379c94b5fda6b29873050a7df6347b45cc94e2250d9"}],["D:\\devecostudio-windows-6.0.1.251\\devecostudio-windows-6.0.1.251\\LostFound\\hvigor\\hvigor-config.json5",{"isDirectory":true,"fileSnapShotHashValue":"8ba3f2cd177fa2af485c39958c91728cdcd5b4e6010ca63e717606c2dc129c81"}],["D:\\devecostudio-windows-6.0.1.251\\devecostudio-windows-6.0.1.251\\LostFound\\entry\\src\\mock\\mock-config.json5",{"isDirectory":false,"fileSnapShotHashValue":"4b69cd73dd299ce16431db67f41e641d9ee8c17c6bbe3bc07be7673f787ba0cc"}],["D:\\devecostudio-windows-6.0.1.251\\devecostudio-windows-6.0.1.251\\LostFound\\entry\\oh-package.json5",{"fileSnapShotHashValue":"b0b484ba97493c5f8e3e54c0cf7f524db5bf0923c0440086d7f19b13eaec83f5"}],["D:\\devecostudio-windows-6.0.1.251\\devecostudio-windows-6.0.1.251\\LostFound\\oh-package.json5",{"fileSnapShotHashValue":"e2de320c5df5b19cdc3a1a4a910b38da92bb335a081f869ff5d6c85d13bea450"}]]},"_outputFiles":{"dataType":"Map","value":[]}},":LostFound:entry:default@CreateModuleInfo":{"_inputs":[{"dataType":"ValueEntry","value":"{\"_name\":\"ohosUiTransformOptimization\",\"_value\":false,\"_valueType\":\"boolean\"}"},{"dataType":"ValueEntry","value":"{\"_name\":\"BUILTIN_TASK_COMMAND\",\"_value\":\"\",\"_valueType\":\"string\"}"},{"dataType":"ValueEntry","value":"{\"_name\":\"BUILTIN_TASK_TOOLCHAIN\",\"_value\":\"\",\"_valueType\":\"string\"}"},{"dataType":"ValueEntry","value":"{\"_name\":\"BUILTIN_TASK_ENV\",\"_value\":\"\",\"_valueType\":\"string\"}"}],"_successful":false,"_projectName":"LostFound","_moduleName":"entry","_taskName":"default@CreateModuleInfo","_key":":LostFound:entry:default@CreateModuleInfo","_executionId":":LostFound:entry:default@CreateModuleInfo:1765985617286","_inputFiles":{"dataType":"Map","value":[]},"_outputFiles":{"dataType":"Map","value":[["D:\\devecostudio-windows-6.0.1.251\\devecostudio-windows-6.0.1.251\\LostFound\\entry\\.preview\\default\\generated\\profile\\default\\ModuleInfo.ts",{"isDirectory":false,"fileSnapShotHashValue":""}]]}},":LostFound:entry:default@MergeProfile":{"_inputs":[{"dataType":"ValueEntry","value":"{\"_name\":\"BUILTIN_TASK_COMMAND\",\"_value\":\"\",\"_valueType\":\"string\",\"_hash\":\"6c1049eece256c5ecd9a72bb60d260f5eaa0c767e9261531c19a2711a4384caa\"}"},{"dataType":"ValueEntry","value":"{\"_name\":\"BUILTIN_TASK_ENV\",\"_value\":\"\",\"_valueType\":\"string\",\"_hash\":\"fab23d53b4bed861bede91aa55abd54ccbb48f2366122ec79fa9d6a917cab83a\"}"},{"dataType":"ValueEntry","value":"{\"_name\":\"BUILTIN_TASK_TOOLCHAIN\",\"_value\":\"\",\"_valueType\":\"string\",\"_hash\":\"f354d8b3443da1d086e3f8d488045965d1abb7d86e6d7602e63c46d85ae85454\"}"},{"dataType":"ValueEntry","value":"{\"_name\":\"appJsonOpt\",\"_value\":\"{\\\"app\\\":{\\\"bundleName\\\":\\\"com.example.lostfound\\\",\\\"vendor\\\":\\\"example\\\",\\\"versionCode\\\":1000000,\\\"versionName\\\":\\\"1.0.0\\\",\\\"icon\\\":\\\"$media:layered_image\\\",\\\"label\\\":\\\"$string:app_name\\\"}}\",\"_valueType\":\"string\",\"_hash\":\"d32ebb072653f1c0b1554b1651891cfa94d4aa0b59a05e33dd40bf99efd3a819\"}"},{"dataType":"ValueEntry","value":"{\"_name\":\"asanEnable\",\"_value\":false,\"_valueType\":\"boolean\",\"_hash\":\"5de58ee96d39449ca7f885eeee57df5a760e34739a5248ac20e31818d201489d\"}"},{"dataType":"ValueEntry","value":"{\"_name\":\"buildProfileAbilities\",\"_valueType\":\"undefined\",\"_hash\":\"1b37f4c5d5e5e2c6096b0545d5c31b5bf64f747075a5e3c85f050e9e4079664b\"}"},{"dataType":"ValueEntry","value":"{\"_name\":\"buildRoot\",\"_value\":\".preview\",\"_valueType\":\"string\",\"_hash\":\"983f07ddcb5bc16ca01c2f9294b9f1627f8c968cceacd196b267815d395139cb\"}"},{"dataType":"ValueEntry","value":"{\"_name\":\"compatibleSdkVersion\",\"_value\":21,\"_valueType\":\"number\",\"_hash\":\"c6783854cdb0c544eb399d96f13d6156a825ae6c5b8bcbc4d6b2ae869c5ba806\"}"},{"dataType":"ValueEntry","value":"{\"_name\":\"hwasanEnable\",\"_value\":false,\"_valueType\":\"boolean\",\"_hash\":\"f8bd6c4afae917a91bd141551210297e8a9b68ab5fb0adf6880673768a5ed7c6\"}"},{"dataType":"ValueEntry","value":"{\"_name\":\"includeAppScopeRes\",\"_value\":\"\",\"_valueType\":\"string\",\"_hash\":\"3c2a9052be609669b88b444d06b45b9cd9aa9bdbc5c549cf890a3bd37fc58d60\"}"},{"dataType":"ValueEntry","value":"{\"_name\":\"integratedHsp\",\"_value\":false,\"_valueType\":\"boolean\",\"_hash\":\"ab7ebc56ff53ba733fc5e60a1c0e16725afa0b21d0966f7b50cce78a02e48d74\"}"},{"dataType":"ValueEntry","value":"{\"_name\":\"isBundledDependencies\",\"_value\":false,\"_valueType\":\"boolean\",\"_hash\":\"2a22b42a8504b32b68a8cc4173a9e266e6540a9372bf6553176105f698c20dc2\"}"},{"dataType":"ValueEntry","value":"{\"_name\":\"isDebug\",\"_value\":true,\"_valueType\":\"boolean\",\"_hash\":\"3a45940aa78d73204cdc3177ffe70a15eb93b11c64cbef458f919e1b86a6ec6e\"}"},{"dataType":"ValueEntry","value":"{\"_name\":\"isHarModule\",\"_value\":false,\"_valueType\":\"boolean\",\"_hash\":\"bc6aa6a015fd1e648c9c5e447449ece707a678e12fba08771f90ddfe134af3f0\"}"},{"dataType":"ValueEntry","value":"{\"_name\":\"moduleJsonOpt\",\"_value\":\"{\\\"module\\\":{\\\"name\\\":\\\"entry\\\",\\\"type\\\":\\\"entry\\\",\\\"description\\\":\\\"$string:module_desc\\\",\\\"mainElement\\\":\\\"EntryAbility\\\",\\\"deviceTypes\\\":[\\\"phone\\\"],\\\"deliveryWithInstall\\\":true,\\\"installationFree\\\":false,\\\"pages\\\":\\\"$profile:main_pages\\\",\\\"abilities\\\":[{\\\"name\\\":\\\"EntryAbility\\\",\\\"srcEntry\\\":\\\"./ets/entryability/EntryAbility.ets\\\",\\\"description\\\":\\\"$string:EntryAbility_desc\\\",\\\"icon\\\":\\\"$media:layered_image\\\",\\\"label\\\":\\\"$string:EntryAbility_label\\\",\\\"startWindowIcon\\\":\\\"$media:startIcon\\\",\\\"startWindowBackground\\\":\\\"$color:start_window_background\\\",\\\"exported\\\":true,\\\"skills\\\":[{\\\"entities\\\":[\\\"entity.system.home\\\"],\\\"actions\\\":[\\\"ohos.want.action.home\\\"]}]}],\\\"extensionAbilities\\\":[{\\\"name\\\":\\\"EntryBackupAbility\\\",\\\"srcEntry\\\":\\\"./ets/entrybackupability/EntryBackupAbility.ets\\\",\\\"type\\\":\\\"backup\\\",\\\"exported\\\":false,\\\"metadata\\\":[{\\\"name\\\":\\\"ohos.extension.backup\\\",\\\"resource\\\":\\\"$profile:backup_config\\\"}]}]}}\",\"_valueType\":\"string\",\"_hash\":\"ee363493f0c1a485f2f7d5c438cdc1d5469e59dd17a77d9b0c172ec783144f56\"}"},{"dataType":"ValueEntry","value":"{\"_name\":\"multiProjects\",\"_value\":false,\"_valueType\":\"boolean\",\"_hash\":\"dea8161c1a034ab86a9348c01dfdc4626089c413501f5016bc4be71f6214747b\"}"},{"dataType":"ValueEntry","value":"{\"_name\":\"ohLibs\",\"_value\":[],\"_valueType\":\"object\",\"_hash\":\"a126612b51ae7b5b49f64e029e1534ed38b87d56c35915c9b19e6d46695e567b\"}"},{"dataType":"ValueEntry","value":"{\"_name\":\"packageName\",\"_value\":\"entry\",\"_valueType\":\"string\",\"_hash\":\"2d02010f87ac0c4b88be91ac58b940c03eada62489017432aebd339464bf633a\"}"},{"dataType":"ValueEntry","value":"{\"_name\":\"projectConfigAppOpt\",\"_valueType\":\"undefined\",\"_hash\":\"690bf99bac27c7294cc7056baecf9d1f5996393f344fda6ad83f08f971cfc658\"}"},{"dataType":"ValueEntry","value":"{\"_name\":\"releaseType\",\"_value\":\"Release\",\"_valueType\":\"string\",\"_hash\":\"f9d0b6fb1c4b29b9f08a909bbe00e8b5aa50d5eaf9eb1d05491d02351d827df1\"}"},{"dataType":"ValueEntry","value":"{\"_name\":\"removePermissions\",\"_valueType\":\"undefined\",\"_hash\":\"68ce79e87f7bc97a0e03070101e01e1b68b101f52b35a57fde4a1b321be3bdde\"}"},{"dataType":"ValueEntry","value":"{\"_name\":\"targetSdkVersion\",\"_value\":21,\"_valueType\":\"number\",\"_hash\":\"d66a831efa5064d04b7ffc61b4c4af4813d985ad30b903dae2bd65649965b68d\"}"},{"dataType":"ValueEntry","value":"{\"_name\":\"tsanEnable\",\"_value\":false,\"_valueType\":\"boolean\",\"_hash\":\"4a39a3fadc194c5ff71505bb8da8930c39fe534c877674936b5fa82a4d0c2229\"}"},{"dataType":"ValueEntry","value":"{\"_name\":\"ubsanEnable\",\"_value\":false,\"_valueType\":\"boolean\",\"_hash\":\"b7f8b201242d9c1e5fe6ef2f7faa4fddf88b1072d6bdbbac7f3e0841ecaf8a6f\"}"}],"_successful":true,"_projectName":"LostFound","_moduleName":"entry","_taskName":"default@MergeProfile","_key":":LostFound:entry:default@MergeProfile","_executionId":":LostFound:entry:default@MergeProfile:1765978847940","_inputFiles":{"dataType":"Map","value":[["D:\\devecostudio-windows-6.0.1.251\\devecostudio-windows-6.0.1.251\\LostFound\\AppScope\\app.json5",{"fileSnapShotHashValue":"ac4520f4a2b3a4bab49749b77254587b33cddbb8af15e23a9e37dcfd72d56362"}],["D:\\devecostudio-windows-6.0.1.251\\devecostudio-windows-6.0.1.251\\LostFound\\build-profile.json5",{"fileSnapShotHashValue":"1d47ee788995c1c4a39d8495d9900bc1bd1ebc9134102697af6d6bbddfac5553"}],["D:\\devecostudio-windows-6.0.1.251\\devecostudio-windows-6.0.1.251\\LostFound\\entry\\src\\main\\module.json5",{"fileSnapShotHashValue":"80876a62e9288dbb19744aa587fe9c0f886711827de3f3c4df76912c8d763024"}]]},"_outputFiles":{"dataType":"Map","value":[["D:\\devecostudio-windows-6.0.1.251\\devecostudio-windows-6.0.1.251\\LostFound\\entry\\.preview\\default\\intermediates\\merge_profile\\default\\module.json",{"fileSnapShotHashValue":"7b773d2facfc93cbb2bcfc77e25e39cb83e492fc82ff72a169a7a447ec6b509e"}]]}},":LostFound:entry:default@CreateBuildProfile":{"_inputs":[{"dataType":"ValueEntry","value":"{\"_name\":\"BUILTIN_TASK_COMMAND\",\"_value\":\"\",\"_valueType\":\"string\",\"_hash\":\"6c1049eece256c5ecd9a72bb60d260f5eaa0c767e9261531c19a2711a4384caa\"}"},{"dataType":"ValueEntry","value":"{\"_name\":\"BUILTIN_TASK_ENV\",\"_value\":\"\",\"_valueType\":\"string\",\"_hash\":\"fab23d53b4bed861bede91aa55abd54ccbb48f2366122ec79fa9d6a917cab83a\"}"},{"dataType":"ValueEntry","value":"{\"_name\":\"BUILTIN_TASK_TOOLCHAIN\",\"_value\":\"\",\"_valueType\":\"string\",\"_hash\":\"f354d8b3443da1d086e3f8d488045965d1abb7d86e6d7602e63c46d85ae85454\"}"},{"dataType":"ValueEntry","value":"{\"_name\":\"buildMode\",\"_value\":\"Debug\",\"_valueType\":\"string\",\"_hash\":\"e5ca4ddaac7575fd86f22541aff1adda5124dfd5735cfbc8d69a5813341024a2\"}"},{"dataType":"ValueEntry","value":"{\"_name\":\"buildModeName\",\"_value\":\"debug\",\"_valueType\":\"string\",\"_hash\":\"eed88fbd50af6d038f129b1446ece3710f8c3d0a5302679a6fb87ad47253410a\"}"},{"dataType":"ValueEntry","value":"{\"_name\":\"buildProfileFields\",\"_value\":\"\",\"_valueType\":\"string\",\"_hash\":\"c045d039f2ef60e781c590cc5f82f3d6d7f97bbb3b5af5252b100ace8eb332bf\"}"},{"dataType":"ValueEntry","value":"{\"_name\":\"projectOhosConfigAppOpt\",\"_value\":\"\",\"_valueType\":\"string\",\"_hash\":\"31886fe858c1eb45b5d680c019a12d2bebebf813093c3583804d179ae701c5c3\"}"}],"_successful":true,"_projectName":"LostFound","_moduleName":"entry","_taskName":"default@CreateBuildProfile","_key":":LostFound:entry:default@CreateBuildProfile","_executionId":":LostFound:entry:default@CreateBuildProfile:1765978285484","_inputFiles":{"dataType":"Map","value":[["D:\\devecostudio-windows-6.0.1.251\\devecostudio-windows-6.0.1.251\\LostFound\\AppScope\\app.json5",{"fileSnapShotHashValue":"ac4520f4a2b3a4bab49749b77254587b33cddbb8af15e23a9e37dcfd72d56362"}],["D:\\devecostudio-windows-6.0.1.251\\devecostudio-windows-6.0.1.251\\LostFound\\build-profile.json5",{"fileSnapShotHashValue":"1d47ee788995c1c4a39d8495d9900bc1bd1ebc9134102697af6d6bbddfac5553"}]]},"_outputFiles":{"dataType":"Map","value":[["D:\\devecostudio-windows-6.0.1.251\\devecostudio-windows-6.0.1.251\\LostFound\\entry\\.preview\\default\\generated\\profile\\default\\BuildProfile.ets",{"fileSnapShotHashValue":"b526e16ac069608343a93497cf5f8e852e5eb7ed6f70d546f7757c7a8eed6f7b"}]]}},":LostFound:entry:default@GeneratePkgContextInfo":{"_inputs":[{"dataType":"ValueEntry","value":"{\"_name\":\"BUILTIN_TASK_COMMAND\",\"_value\":\"\",\"_valueType\":\"string\",\"_hash\":\"6c1049eece256c5ecd9a72bb60d260f5eaa0c767e9261531c19a2711a4384caa\"}"},{"dataType":"ValueEntry","value":"{\"_name\":\"BUILTIN_TASK_ENV\",\"_value\":\"\",\"_valueType\":\"string\",\"_hash\":\"fab23d53b4bed861bede91aa55abd54ccbb48f2366122ec79fa9d6a917cab83a\"}"},{"dataType":"ValueEntry","value":"{\"_name\":\"BUILTIN_TASK_TOOLCHAIN\",\"_value\":\"\",\"_valueType\":\"string\",\"_hash\":\"f354d8b3443da1d086e3f8d488045965d1abb7d86e6d7602e63c46d85ae85454\"}"},{"dataType":"ValueEntry","value":"{\"_name\":\"pkgContextInfoMap\",\"_value\":\"{\\\"@ohos/hypium\\\":{\\\"packageName\\\":\\\"@ohos/hypium\\\",\\\"bundleName\\\":\\\"\\\",\\\"moduleName\\\":\\\"\\\",\\\"version\\\":\\\"1.0.24\\\",\\\"entryPath\\\":\\\"index.js\\\",\\\"isSO\\\":false,\\\"dependencyAlias\\\":\\\"\\\"},\\\"@ohos/hamock\\\":{\\\"packageName\\\":\\\"@ohos/hamock\\\",\\\"bundleName\\\":\\\"\\\",\\\"moduleName\\\":\\\"\\\",\\\"version\\\":\\\"1.0.0\\\",\\\"entryPath\\\":\\\"index.ets\\\",\\\"isSO\\\":false,\\\"dependencyAlias\\\":\\\"\\\"},\\\"entry\\\":{\\\"packageName\\\":\\\"entry\\\",\\\"bundleName\\\":\\\"\\\",\\\"moduleName\\\":\\\"\\\",\\\"version\\\":\\\"\\\",\\\"entryPath\\\":\\\"src/main/\\\",\\\"isSO\\\":false,\\\"dependencyAlias\\\":\\\"\\\"}}\",\"_valueType\":\"string\",\"_hash\":\"aba659aff71a637ce4f541961504cde8d3768f9cfd2c25d07905307dec7982cb\"}"},{"dataType":"ValueEntry","value":"{\"_name\":\"useNormalizedOHMUrl\",\"_value\":true,\"_valueType\":\"boolean\",\"_hash\":\"0224eeca0e5401fc0c653dbed2bab63ff91b2d1c8e23719fbab4e11e695311d9\"}"}],"_successful":true,"_projectName":"LostFound","_moduleName":"entry","_taskName":"default@GeneratePkgContextInfo","_key":":LostFound:entry:default@GeneratePkgContextInfo","_executionId":":LostFound:entry:default@GeneratePkgContextInfo:1765978285496","_inputFiles":{"dataType":"Map","value":[]},"_outputFiles":{"dataType":"Map","value":[["D:\\devecostudio-windows-6.0.1.251\\devecostudio-windows-6.0.1.251\\LostFound\\entry\\.preview\\default\\intermediates\\loader\\default\\pkgContextInfo.json",{"isDirectory":false,"fileSnapShotHashValue":"e95b4b2f34ef62dfebaf02f505f66c7422dbc3cbb64b1ad8b7bf9a695ef04bcc"}]]}},":LostFound:entry:default@ProcessProfile":{"_inputs":[{"dataType":"ValueEntry","value":"{\"_name\":\"BUILTIN_TASK_COMMAND\",\"_value\":\"\",\"_valueType\":\"string\",\"_hash\":\"6c1049eece256c5ecd9a72bb60d260f5eaa0c767e9261531c19a2711a4384caa\"}"},{"dataType":"ValueEntry","value":"{\"_name\":\"BUILTIN_TASK_ENV\",\"_value\":\"\",\"_valueType\":\"string\",\"_hash\":\"fab23d53b4bed861bede91aa55abd54ccbb48f2366122ec79fa9d6a917cab83a\"}"},{"dataType":"ValueEntry","value":"{\"_name\":\"BUILTIN_TASK_TOOLCHAIN\",\"_value\":\"\",\"_valueType\":\"string\",\"_hash\":\"f354d8b3443da1d086e3f8d488045965d1abb7d86e6d7602e63c46d85ae85454\"}"},{"dataType":"ValueEntry","value":"{\"_name\":\"arkEnable\",\"_value\":true,\"_valueType\":\"boolean\",\"_hash\":\"7b9b15dd1b9fc3e86436218773a6dc9dc99032a90912d6a5212068ffccdf88eb\"}"},{"dataType":"ValueEntry","value":"{\"_name\":\"compatibleSdkVersionStage\",\"_value\":\"\",\"_valueType\":\"string\",\"_hash\":\"599a81d443ce3c73d7590482a735e3d8a65f1189a234a2b3b132d2c337942af6\"}"},{"dataType":"ValueEntry","value":"{\"_name\":\"compileMode\",\"_value\":\"esmodule\",\"_valueType\":\"string\",\"_hash\":\"b252a618b764d3a16946606383b78d4fb15c248889fa7eeaeaf03053cb658f5a\"}"},{"dataType":"ValueEntry","value":"{\"_name\":\"dependency\",\"_value\":\"[]\",\"_valueType\":\"string\",\"_hash\":\"9d1613100177e076da7529c27f37d83c55cc84cdbf3ea8ed9c413dfeab139615\"}"},{"dataType":"ValueEntry","value":"{\"_name\":\"deviceTypes\",\"_value\":[\"phone\"],\"_valueType\":\"object\",\"_hash\":\"ff9c705bd66ebea0c0ee769e3dd2b8613997fae46b2a946c0afb40ddb17f532e\"}"},{"dataType":"ValueEntry","value":"{\"_name\":\"harExcludeHSPDependencies\",\"_valueType\":\"undefined\",\"_hash\":\"331c1752db2c29f99b65f1d0dca12ed8c44c4c83200d526bea1a713724931403\"}"},{"dataType":"ValueEntry","value":"{\"_name\":\"isFakeUIAbilityExists\",\"_value\":true,\"_valueType\":\"boolean\",\"_hash\":\"4467e007ba6c5922669f1580369dd5441a82d68f3c6a651993efbba98801cb1e\"}"}],"_successful":true,"_projectName":"LostFound","_moduleName":"entry","_taskName":"default@ProcessProfile","_key":":LostFound:entry:default@ProcessProfile","_executionId":":LostFound:entry:default@ProcessProfile:1765978847954","_inputFiles":{"dataType":"Map","value":[["D:\\devecostudio-windows-6.0.1.251\\devecostudio-windows-6.0.1.251\\LostFound\\entry\\.preview\\default\\intermediates\\merge_profile\\default\\module.json",{"fileSnapShotHashValue":"7b773d2facfc93cbb2bcfc77e25e39cb83e492fc82ff72a169a7a447ec6b509e"}]]},"_outputFiles":{"dataType":"Map","value":[["D:\\devecostudio-windows-6.0.1.251\\devecostudio-windows-6.0.1.251\\LostFound\\entry\\.preview\\default\\intermediates\\process_profile\\default\\module.json",{"fileSnapShotHashValue":"9cadb786734b0d5badf6eb077e83e25a8bcf5887fbf52fba7978f4f8a028da5a"}]]}},":LostFound:entry:default@ProcessRouterMap":{"_inputs":[{"dataType":"ValueEntry","value":"{\"_name\":\"BUILTIN_TASK_COMMAND\",\"_value\":\"\",\"_valueType\":\"string\",\"_hash\":\"6c1049eece256c5ecd9a72bb60d260f5eaa0c767e9261531c19a2711a4384caa\"}"},{"dataType":"ValueEntry","value":"{\"_name\":\"BUILTIN_TASK_ENV\",\"_value\":\"\",\"_valueType\":\"string\",\"_hash\":\"fab23d53b4bed861bede91aa55abd54ccbb48f2366122ec79fa9d6a917cab83a\"}"},{"dataType":"ValueEntry","value":"{\"_name\":\"BUILTIN_TASK_TOOLCHAIN\",\"_value\":\"\",\"_valueType\":\"string\",\"_hash\":\"f354d8b3443da1d086e3f8d488045965d1abb7d86e6d7602e63c46d85ae85454\"}"},{"dataType":"ValueEntry","value":"{\"_name\":\"byteCodeHar\",\"_value\":false,\"_valueType\":\"boolean\",\"_hash\":\"4a2f0b0a7b1684665f4cfdf556e7849eb7b76fd73c8be3b83a43ccf9022a23dc\"}"},{"dataType":"ValueEntry","value":"{\"_name\":\"obfuscated\",\"_value\":true,\"_valueType\":\"boolean\",\"_hash\":\"63574f7bd39da453b2e948ec0bacfd459aa4c1261de54c243aad1a259378ea39\"}"},{"dataType":"ValueEntry","value":"{\"_name\":\"useNormalizedOHMUrl\",\"_value\":true,\"_valueType\":\"boolean\",\"_hash\":\"0224eeca0e5401fc0c653dbed2bab63ff91b2d1c8e23719fbab4e11e695311d9\"}"}],"_successful":true,"_projectName":"LostFound","_moduleName":"entry","_taskName":"default@ProcessRouterMap","_key":":LostFound:entry:default@ProcessRouterMap","_executionId":":LostFound:entry:default@ProcessRouterMap:1765978848032","_inputFiles":{"dataType":"Map","value":[["D:\\devecostudio-windows-6.0.1.251\\devecostudio-windows-6.0.1.251\\LostFound\\entry\\oh-package.json5",{"fileSnapShotHashValue":"b0b484ba97493c5f8e3e54c0cf7f524db5bf0923c0440086d7f19b13eaec83f5"}],["D:\\devecostudio-windows-6.0.1.251\\devecostudio-windows-6.0.1.251\\LostFound\\oh-package.json5",{"fileSnapShotHashValue":"e2de320c5df5b19cdc3a1a4a910b38da92bb335a081f869ff5d6c85d13bea450"}],["D:\\devecostudio-windows-6.0.1.251\\devecostudio-windows-6.0.1.251\\LostFound\\entry\\src\\main\\module.json5",{"fileSnapShotHashValue":"80876a62e9288dbb19744aa587fe9c0f886711827de3f3c4df76912c8d763024"}],["D:\\devecostudio-windows-6.0.1.251\\devecostudio-windows-6.0.1.251\\LostFound\\entry\\.preview\\default\\intermediates\\loader\\default\\pkgContextInfo.json",{"fileSnapShotHashValue":"e95b4b2f34ef62dfebaf02f505f66c7422dbc3cbb64b1ad8b7bf9a695ef04bcc"}]]},"_outputFiles":{"dataType":"Map","value":[["D:\\devecostudio-windows-6.0.1.251\\devecostudio-windows-6.0.1.251\\LostFound\\entry\\.preview\\default\\intermediates\\router_map\\default\\temp-router-map.json",{"fileSnapShotHashValue":"29a56dad7713e1628e309399ad5738468572849bdcf262d10898f97a2b5a9c24"}],["D:\\devecostudio-windows-6.0.1.251\\devecostudio-windows-6.0.1.251\\LostFound\\entry\\.preview\\default\\intermediates\\router_map\\default\\loader-router-map.json",{"fileSnapShotHashValue":"bd796b37fc4d60a61351f48971f52e398094305bce53e7dfe45cbd553d9c4154"}]]}},":LostFound:entry:default@ProcessShareConfig":{"_inputs":[{"dataType":"ValueEntry","value":"{\"_name\":\"BUILTIN_TASK_COMMAND\",\"_value\":\"\",\"_valueType\":\"string\",\"_hash\":\"6c1049eece256c5ecd9a72bb60d260f5eaa0c767e9261531c19a2711a4384caa\"}"},{"dataType":"ValueEntry","value":"{\"_name\":\"BUILTIN_TASK_ENV\",\"_value\":\"\",\"_valueType\":\"string\",\"_hash\":\"fab23d53b4bed861bede91aa55abd54ccbb48f2366122ec79fa9d6a917cab83a\"}"},{"dataType":"ValueEntry","value":"{\"_name\":\"BUILTIN_TASK_TOOLCHAIN\",\"_value\":\"\",\"_valueType\":\"string\",\"_hash\":\"f354d8b3443da1d086e3f8d488045965d1abb7d86e6d7602e63c46d85ae85454\"}"}],"_successful":true,"_projectName":"LostFound","_moduleName":"entry","_taskName":"default@ProcessShareConfig","_key":":LostFound:entry:default@ProcessShareConfig","_executionId":":LostFound:entry:default@ProcessShareConfig:1765978848036","_inputFiles":{"dataType":"Map","value":[["D:\\devecostudio-windows-6.0.1.251\\devecostudio-windows-6.0.1.251\\LostFound\\entry\\oh-package.json5",{"fileSnapShotHashValue":"b0b484ba97493c5f8e3e54c0cf7f524db5bf0923c0440086d7f19b13eaec83f5"}],["D:\\devecostudio-windows-6.0.1.251\\devecostudio-windows-6.0.1.251\\LostFound\\oh-package.json5",{"fileSnapShotHashValue":"e2de320c5df5b19cdc3a1a4a910b38da92bb335a081f869ff5d6c85d13bea450"}],["D:\\devecostudio-windows-6.0.1.251\\devecostudio-windows-6.0.1.251\\LostFound\\entry\\src\\main\\module.json5",{"fileSnapShotHashValue":"80876a62e9288dbb19744aa587fe9c0f886711827de3f3c4df76912c8d763024"}],["D:\\devecostudio-windows-6.0.1.251\\devecostudio-windows-6.0.1.251\\LostFound\\entry\\.preview\\default\\intermediates\\loader\\default\\pkgContextInfo.json",{"fileSnapShotHashValue":"e95b4b2f34ef62dfebaf02f505f66c7422dbc3cbb64b1ad8b7bf9a695ef04bcc"}]]},"_outputFiles":{"dataType":"Map","value":[["D:\\devecostudio-windows-6.0.1.251\\devecostudio-windows-6.0.1.251\\LostFound\\entry\\.preview\\default\\intermediates\\share_config\\default\\temp-share-config.json",{"fileSnapShotHashValue":"fe58582fe8cbfb27b07103ed03ba8165603a2158397f7a92de475e5fe72971cb"}]]}},":LostFound:entry:default@ProcessStartupConfig":{"_inputs":[{"dataType":"ValueEntry","value":"{\"_name\":\"appStartupFileName\",\"_value\":\"\",\"_valueType\":\"string\"}"},{"dataType":"ValueEntry","value":"{\"_name\":\"useNormalizedOHMUrl\",\"_value\":true,\"_valueType\":\"boolean\"}"},{"dataType":"ValueEntry","value":"{\"_name\":\"shouldCollectPreloadSystemSo\",\"_value\":false,\"_valueType\":\"boolean\"}"},{"dataType":"ValueEntry","value":"{\"_name\":\"BUILTIN_TASK_COMMAND\",\"_value\":\"\",\"_valueType\":\"string\"}"},{"dataType":"ValueEntry","value":"{\"_name\":\"BUILTIN_TASK_TOOLCHAIN\",\"_value\":\"\",\"_valueType\":\"string\"}"},{"dataType":"ValueEntry","value":"{\"_name\":\"BUILTIN_TASK_ENV\",\"_value\":\"\",\"_valueType\":\"string\"}"}],"_successful":true,"_projectName":"LostFound","_moduleName":"entry","_taskName":"default@ProcessStartupConfig","_key":":LostFound:entry:default@ProcessStartupConfig","_executionId":":LostFound:entry:default@ProcessStartupConfig:1765985617310","_inputFiles":{"dataType":"Map","value":[["D:\\devecostudio-windows-6.0.1.251\\devecostudio-windows-6.0.1.251\\LostFound\\entry\\.preview\\default\\intermediates\\loader\\default\\pkgContextInfo.json",{"fileSnapShotHashValue":"e95b4b2f34ef62dfebaf02f505f66c7422dbc3cbb64b1ad8b7bf9a695ef04bcc"}]]},"_outputFiles":{"dataType":"Map","value":[["D:\\devecostudio-windows-6.0.1.251\\devecostudio-windows-6.0.1.251\\LostFound\\entry\\.preview\\default\\intermediates\\startup\\default\\startup_config.json",{"fileSnapShotHashValue":""}]]}},":LostFound:entry:default@GenerateLoaderJson":{"_inputs":[{"dataType":"ValueEntry","value":"{\"_name\":\"BUILTIN_TASK_COMMAND\",\"_value\":\"\",\"_valueType\":\"string\",\"_hash\":\"6c1049eece256c5ecd9a72bb60d260f5eaa0c767e9261531c19a2711a4384caa\"}"},{"dataType":"ValueEntry","value":"{\"_name\":\"BUILTIN_TASK_ENV\",\"_value\":\"\",\"_valueType\":\"string\",\"_hash\":\"fab23d53b4bed861bede91aa55abd54ccbb48f2366122ec79fa9d6a917cab83a\"}"},{"dataType":"ValueEntry","value":"{\"_name\":\"BUILTIN_TASK_TOOLCHAIN\",\"_value\":\"\",\"_valueType\":\"string\",\"_hash\":\"f354d8b3443da1d086e3f8d488045965d1abb7d86e6d7602e63c46d85ae85454\"}"},{"dataType":"ValueEntry","value":"{\"_name\":\"anBuildMode\",\"_value\":\"type\",\"_valueType\":\"string\",\"_hash\":\"b6c2cdf83442e0a2e9276b44ad76436c6d0bcc210edecb703114e95a598dc3c3\"}"},{"dataType":"ValueEntry","value":"{\"_name\":\"apPath\",\"_value\":\"D:\\\\devecostudio-windows-6.0.1.251\\\\devecostudio-windows-6.0.1.251\\\\LostFound\\\\entry\\\\modules.ap\",\"_valueType\":\"string\",\"_hash\":\"90e6540d6364ac626601edebd3269d51c31b1d13142725def8d18e757e2b0585\"}"},{"dataType":"ValueEntry","value":"{\"_name\":\"appStartupFileName\",\"_value\":\"\",\"_valueType\":\"string\",\"_hash\":\"08d4364dd4e30f366a567cdf729bce6192c7be3a576ec780f3246de4aab394b2\"}"},{"dataType":"ValueEntry","value":"{\"_name\":\"compatibleApiVersion\",\"_value\":21,\"_valueType\":\"number\",\"_hash\":\"624a96f106d6b8478cc921abcf4151a1fc63573f476f9bf62fd1cfedac78067a\"}"},{"dataType":"ValueEntry","value":"{\"_name\":\"compileApiVersion\",\"_value\":21,\"_valueType\":\"number\",\"_hash\":\"172e07e1335bae92f1242f8a7ae7145e7cc2346411314feb3d79274c65d19671\"}"},{"dataType":"ValueEntry","value":"{\"_name\":\"compileMode\",\"_value\":\"esmodule\",\"_valueType\":\"string\",\"_hash\":\"b252a618b764d3a16946606383b78d4fb15c248889fa7eeaeaf03053cb658f5a\"}"},{"dataType":"ValueEntry","value":"{\"_name\":\"fallbackAnBuild\",\"_value\":false,\"_valueType\":\"boolean\",\"_hash\":\"6f8ed2a511c0bba942d7dcfa03ce73e61df388e1078d8aa764eab1ed2579ffbe\"}"},{"dataType":"ValueEntry","value":"{\"_name\":\"harNameOhmMap\",\"_value\":\"{}\",\"_valueType\":\"string\",\"_hash\":\"acc11cef2aff25c28c5419917e8ca31d827bff2f1f80b5f15bed3075b95d2453\"}"},{"dataType":"ValueEntry","value":"{\"_name\":\"hspNameOhmMap\",\"_value\":\"{}\",\"_valueType\":\"string\",\"_hash\":\"aa81d73257173f0b16a1e81016649a76f0a7185c632329bedc7591c5cd891a26\"}"},{"dataType":"ValueEntry","value":"{\"_name\":\"isBundledDependencies\",\"_value\":false,\"_valueType\":\"boolean\",\"_hash\":\"2a22b42a8504b32b68a8cc4173a9e266e6540a9372bf6553176105f698c20dc2\"}"},{"dataType":"ValueEntry","value":"{\"_name\":\"isByteCodeHar\",\"_value\":false,\"_valueType\":\"boolean\",\"_hash\":\"31aa2831dc8ab7d38bfe1091d4eb58c38ef100d622c96497f4e1c6e12552058f\"}"},{"dataType":"ValueEntry","value":"{\"_name\":\"isByteCodeHarOptimize\",\"_value\":false,\"_valueType\":\"boolean\",\"_hash\":\"765fcc2a093117f1d048b712c99977ad120ee4b32fbeed77fca6f1d07d4b3bc0\"}"},{"dataType":"ValueEntry","value":"{\"_name\":\"isFullCompilationEnabled\",\"_value\":true,\"_valueType\":\"boolean\",\"_hash\":\"bdc425fc76182216717b60e6f66f4259cd2a62ca4644d08b4c942f5424be8abc\"}"},{"dataType":"ValueEntry","value":"{\"_name\":\"isHarWithCoverage\",\"_value\":false,\"_valueType\":\"boolean\",\"_hash\":\"7a6ae2a3f4fb0a66f3dc3df4cb8e5ed15d62ba95343bf2c447c668fc09bd75cd\"}"},{"dataType":"ValueEntry","value":"{\"_name\":\"isOhosTest\",\"_value\":false,\"_valueType\":\"boolean\",\"_hash\":\"de6340d3d0a55dfab74711d2022cbe7a75d555e002e47935640e8115424af634\"}"},{"dataType":"ValueEntry","value":"{\"_name\":\"modulePathMap\",\"_value\":\"{\\\"entry\\\":\\\"D:\\\\\\\\devecostudio-windows-6.0.1.251\\\\\\\\devecostudio-windows-6.0.1.251\\\\\\\\LostFound\\\\\\\\entry\\\"}\",\"_valueType\":\"string\",\"_hash\":\"6e05c44f0a41ff71a1a176842471364e6b8fe19b2850ce1987185432837e9ea4\"}"},{"dataType":"ValueEntry","value":"{\"_name\":\"module_dependencies\",\"_value\":\"{}\",\"_valueType\":\"string\",\"_hash\":\"dc42a51d1dfe949cec0fd4528c57600bf4a35bb856351425df468d109bfac523\"}"},{"dataType":"ValueEntry","value":"{\"_name\":\"needSubmitArkTsWidget\",\"_value\":false,\"_valueType\":\"boolean\",\"_hash\":\"b7eb2cc34539dd6a8fc1ccae4b3b043e164f4e8b113031a5fe6444fdb13433e7\"}"},{"dataType":"ValueEntry","value":"{\"_name\":\"nodeModulesPath\",\"_value\":\"D:\\\\devecostudio-windows-6.0.1.251\\\\devecostudio-windows-6.0.1.251\\\\LostFound\\\\entry\\\\.preview\\\\default\\\\intermediates\\\\loader_out\\\\default\\\\node_modules\",\"_valueType\":\"string\",\"_hash\":\"a3c98051bc2193fa69e3a50b6a160159af55706cdf266e85613ef9ac8697c7af\"}"},{"dataType":"ValueEntry","value":"{\"_name\":\"overrides\",\"_valueType\":\"undefined\",\"_hash\":\"76b98eeb6f5b5311e5e4846e8d49c6f29c84b1224760f1658f8089449a1bf5a8\"}"},{"dataType":"ValueEntry","value":"{\"_name\":\"patchConfig\",\"_valueType\":\"undefined\",\"_hash\":\"8442ccabc174804e5725865d8a313aeceb517d2cfbf6aa79d8a198ec4400d8bb\"}"},{"dataType":"ValueEntry","value":"{\"_name\":\"projectRootPath\",\"_value\":\"D:\\\\devecostudio-windows-6.0.1.251\\\\devecostudio-windows-6.0.1.251\\\\LostFound\",\"_valueType\":\"string\",\"_hash\":\"153845f72304d078b7d6d2270e808d79890cb66bd29ab62f76474240c9dd70af\"}"},{"dataType":"ValueEntry","value":"{\"_name\":\"project_dependencies\",\"_value\":\"{}\",\"_valueType\":\"string\",\"_hash\":\"30e15006623b569eb4f21b8830aba9be052048c8b9bfd50783641fd324aaf508\"}"},{"dataType":"ValueEntry","value":"{\"_name\":\"shouldTreatHarAsHap\",\"_value\":false,\"_valueType\":\"boolean\",\"_hash\":\"9722cc179e8721df3beeeebd7c6023318e49eea338f2c3a57f278c73cb4fa861\"}"},{"dataType":"ValueEntry","value":"{\"_name\":\"targetConfig\",\"_value\":\"{\\\"name\\\":\\\"default\\\"}\",\"_valueType\":\"string\",\"_hash\":\"00edb30e03b595b8e9a369830919ac2710fc4c049774eee6932498b142d1a8ea\"}"},{"dataType":"ValueEntry","value":"{\"_name\":\"useNormalizedOHMUrl\",\"_value\":true,\"_valueType\":\"boolean\",\"_hash\":\"0224eeca0e5401fc0c653dbed2bab63ff91b2d1c8e23719fbab4e11e695311d9\"}"}],"_successful":true,"_projectName":"LostFound","_moduleName":"entry","_taskName":"default@GenerateLoaderJson","_key":":LostFound:entry:default@GenerateLoaderJson","_executionId":":LostFound:entry:default@GenerateLoaderJson:1765978848049","_inputFiles":{"dataType":"Map","value":[["D:\\devecostudio-windows-6.0.1.251\\devecostudio-windows-6.0.1.251\\LostFound\\entry\\src\\mock\\mock-config.json5",{"fileSnapShotHashValue":"4b69cd73dd299ce16431db67f41e641d9ee8c17c6bbe3bc07be7673f787ba0cc"}],["D:\\devecostudio-windows-6.0.1.251\\devecostudio-windows-6.0.1.251\\LostFound\\entry\\.preview\\default\\intermediates\\loader\\default\\pkgContextInfo.json",{"fileSnapShotHashValue":"e95b4b2f34ef62dfebaf02f505f66c7422dbc3cbb64b1ad8b7bf9a695ef04bcc"}],["D:\\devecostudio-windows-6.0.1.251\\devecostudio-windows-6.0.1.251\\LostFound\\entry\\.preview\\default\\intermediates\\router_map\\default\\temp-router-map.json",{"fileSnapShotHashValue":"29a56dad7713e1628e309399ad5738468572849bdcf262d10898f97a2b5a9c24"}]]},"_outputFiles":{"dataType":"Map","value":[["D:\\devecostudio-windows-6.0.1.251\\devecostudio-windows-6.0.1.251\\LostFound\\entry\\.preview\\default\\intermediates\\loader\\default\\loader.json",{"isDirectory":false,"fileSnapShotHashValue":"b4f5caa907b2da001acf31ba08578188ef40db7d5368aea073f72b4f9f5cbc93"}]]}},":LostFound:entry:default@PreviewCompileResource":{"_inputs":[{"dataType":"ValueEntry","value":"{\"_name\":\"BUILTIN_TASK_COMMAND\",\"_value\":\"\",\"_valueType\":\"string\",\"_hash\":\"6c1049eece256c5ecd9a72bb60d260f5eaa0c767e9261531c19a2711a4384caa\"}"},{"dataType":"ValueEntry","value":"{\"_name\":\"BUILTIN_TASK_ENV\",\"_value\":\"\",\"_valueType\":\"string\",\"_hash\":\"fab23d53b4bed861bede91aa55abd54ccbb48f2366122ec79fa9d6a917cab83a\"}"},{"dataType":"ValueEntry","value":"{\"_name\":\"BUILTIN_TASK_TOOLCHAIN\",\"_value\":\"D:\\\\devecostudio-windows-6.0.1.251\\\\devecostudio-windows-6.0.1.251\\\\DevEco Studio\\\\sdk\\\\default\\\\openharmony\\\\toolchains\\\\restool.exe\",\"_valueType\":\"string\",\"_hash\":\"b4d7baaebd2d1bb0fc1a6fa11a071b554af086396eb58326bd41fa8bf082bab4\"}"},{"dataType":"ValueEntry","value":"{\"_name\":\"PREVIEWER_REPLACE_PAGE\",\"_valueType\":\"undefined\",\"_hash\":\"c28bc4fdf3b0576e94ac82aba7750f72c5bf9a1cba5c07e9d68e4adb99d81891\"}"},{"dataType":"ValueEntry","value":"{\"_name\":\"PREVIEWER_REPLACE_SRCPATH\",\"_valueType\":\"undefined\",\"_hash\":\"6d661da1acba061f55e33b354940dd699d9311f0165bf97e46346a2172cb761b\"}"},{"dataType":"ValueEntry","value":"{\"_name\":\"TARGET_CONFIG\",\"_value\":\"{\\\"name\\\":\\\"default\\\"}\",\"_valueType\":\"string\",\"_hash\":\"488edc718adbec9bf0e32d067fca85bb5bdc7a08303d1a99357f15bb71642ec6\"}"}],"_successful":true,"_projectName":"LostFound","_moduleName":"entry","_taskName":"default@PreviewCompileResource","_key":":LostFound:entry:default@PreviewCompileResource","_executionId":":LostFound:entry:default@PreviewCompileResource:1765984073735","_inputFiles":{"dataType":"Map","value":[["D:\\devecostudio-windows-6.0.1.251\\devecostudio-windows-6.0.1.251\\LostFound\\entry\\src\\main\\resources",{"fileSnapShotHashValue":"70ed10845187e398b66f71d2147d03aa372237707d9990c64e85a50b6d53f25c"}],["D:\\devecostudio-windows-6.0.1.251\\devecostudio-windows-6.0.1.251\\LostFound\\entry\\.preview\\default\\intermediates\\merge_profile\\default\\module.json",{"fileSnapShotHashValue":"7b773d2facfc93cbb2bcfc77e25e39cb83e492fc82ff72a169a7a447ec6b509e"}]]},"_outputFiles":{"dataType":"Map","value":[["D:\\devecostudio-windows-6.0.1.251\\devecostudio-windows-6.0.1.251\\LostFound\\entry\\.preview\\default\\intermediates\\res\\default",{"isDirectory":true,"fileSnapShotHashValue":"c68c51fa1741719e8257d7ef6ee9f6ad2325b2e66219adc7699e3a371dc73637"}],["D:\\devecostudio-windows-6.0.1.251\\devecostudio-windows-6.0.1.251\\LostFound\\entry\\.preview\\default\\generated\\r\\default",{"isDirectory":true,"fileSnapShotHashValue":"bc8dcc8ee0095c57c282012e7d657b8d33cb5a7f521a55189ddbc5f9babdb4f5"}]]}},":LostFound:entry:default@CopyPreviewProfile":{"_inputs":[{"dataType":"ValueEntry","value":"{\"_name\":\"BUILTIN_TASK_COMMAND\",\"_value\":\"\",\"_valueType\":\"string\",\"_hash\":\"6c1049eece256c5ecd9a72bb60d260f5eaa0c767e9261531c19a2711a4384caa\"}"},{"dataType":"ValueEntry","value":"{\"_name\":\"BUILTIN_TASK_ENV\",\"_value\":\"\",\"_valueType\":\"string\",\"_hash\":\"fab23d53b4bed861bede91aa55abd54ccbb48f2366122ec79fa9d6a917cab83a\"}"},{"dataType":"ValueEntry","value":"{\"_name\":\"BUILTIN_TASK_TOOLCHAIN\",\"_value\":\"\",\"_valueType\":\"string\",\"_hash\":\"f354d8b3443da1d086e3f8d488045965d1abb7d86e6d7602e63c46d85ae85454\"}"}],"_successful":true,"_projectName":"LostFound","_moduleName":"entry","_taskName":"default@CopyPreviewProfile","_key":":LostFound:entry:default@CopyPreviewProfile","_executionId":":LostFound:entry:default@CopyPreviewProfile:1765984073882","_inputFiles":{"dataType":"Map","value":[["D:\\devecostudio-windows-6.0.1.251\\devecostudio-windows-6.0.1.251\\LostFound\\entry\\src\\main\\resources\\base\\profile",{"fileSnapShotHashValue":"81405474476fb9ca52542d2d57666f79a91aa9822f2c7d3fbd691c6f686a2f24"}]]},"_outputFiles":{"dataType":"Map","value":[["D:\\devecostudio-windows-6.0.1.251\\devecostudio-windows-6.0.1.251\\LostFound\\entry\\.preview\\default\\intermediates\\res\\default\\resources\\base\\profile",{"fileSnapShotHashValue":"fd9c2cc0e534280565339cd891fc65568e20ad557132ea7edf8d01dcf0d3bc18"}]]}},":LostFound:entry:default@PreviewUpdateAssets":{"_inputs":[{"dataType":"ValueEntry","value":"{\"_name\":\"BUILTIN_TASK_COMMAND\",\"_value\":\"\",\"_valueType\":\"string\",\"_hash\":\"6c1049eece256c5ecd9a72bb60d260f5eaa0c767e9261531c19a2711a4384caa\"}"},{"dataType":"ValueEntry","value":"{\"_name\":\"BUILTIN_TASK_ENV\",\"_value\":\"\",\"_valueType\":\"string\",\"_hash\":\"fab23d53b4bed861bede91aa55abd54ccbb48f2366122ec79fa9d6a917cab83a\"}"},{"dataType":"ValueEntry","value":"{\"_name\":\"BUILTIN_TASK_TOOLCHAIN\",\"_value\":\"\",\"_valueType\":\"string\",\"_hash\":\"f354d8b3443da1d086e3f8d488045965d1abb7d86e6d7602e63c46d85ae85454\"}"},{"dataType":"ValueEntry","value":"{\"_name\":\"previewBuildConfigJson\",\"_value\":\"{\\\"deviceType\\\":\\\"phone\\\",\\\"buildMode\\\":\\\"debug\\\",\\\"note\\\":\\\"false\\\",\\\"logLevel\\\":\\\"3\\\",\\\"isPreview\\\":\\\"true\\\",\\\"checkEntry\\\":\\\"true\\\",\\\"localPropertiesPath\\\":\\\"D:\\\\\\\\devecostudio-windows-6.0.1.251\\\\\\\\devecostudio-windows-6.0.1.251\\\\\\\\LostFound\\\\\\\\local.properties\\\",\\\"Path\\\":\\\"D:\\\\\\\\devecostudio-windows-6.0.1.251\\\\\\\\devecostudio-windows-6.0.1.251\\\\\\\\DevEco Studio\\\\\\\\tools\\\\\\\\node\\\\\\\\\\\",\\\"aceProfilePath\\\":\\\"D:\\\\\\\\devecostudio-windows-6.0.1.251\\\\\\\\devecostudio-windows-6.0.1.251\\\\\\\\LostFound\\\\\\\\entry\\\\\\\\.preview\\\\\\\\default\\\\\\\\intermediates\\\\\\\\res\\\\\\\\default\\\\\\\\resources\\\\\\\\base\\\\\\\\profile\\\",\\\"hapMode\\\":\\\"false\\\",\\\"img2bin\\\":\\\"true\\\",\\\"projectProfilePath\\\":\\\"D:\\\\\\\\devecostudio-windows-6.0.1.251\\\\\\\\devecostudio-windows-6.0.1.251\\\\\\\\LostFound\\\\\\\\build-profile.json5\\\",\\\"watchMode\\\":\\\"true\\\",\\\"appResource\\\":\\\"D:\\\\\\\\devecostudio-windows-6.0.1.251\\\\\\\\devecostudio-windows-6.0.1.251\\\\\\\\LostFound\\\\\\\\entry\\\\\\\\.preview\\\\\\\\default\\\\\\\\intermediates\\\\\\\\res\\\\\\\\default\\\\\\\\ResourceTable.txt\\\",\\\"aceBuildJson\\\":\\\"D:\\\\\\\\devecostudio-windows-6.0.1.251\\\\\\\\devecostudio-windows-6.0.1.251\\\\\\\\LostFound\\\\\\\\entry\\\\\\\\.preview\\\\\\\\default\\\\\\\\intermediates\\\\\\\\loader\\\\\\\\default\\\\\\\\loader.json\\\",\\\"aceModuleRoot\\\":\\\"D:\\\\\\\\devecostudio-windows-6.0.1.251\\\\\\\\devecostudio-windows-6.0.1.251\\\\\\\\LostFound\\\\\\\\entry\\\\\\\\src\\\\\\\\main\\\\\\\\ets\\\",\\\"aceSoPath\\\":\\\"D:\\\\\\\\devecostudio-windows-6.0.1.251\\\\\\\\devecostudio-windows-6.0.1.251\\\\\\\\LostFound\\\\\\\\entry\\\\\\\\.preview\\\\\\\\cache\\\\\\\\nativeDependencies.txt\\\",\\\"cachePath\\\":\\\"D:\\\\\\\\devecostudio-windows-6.0.1.251\\\\\\\\devecostudio-windows-6.0.1.251\\\\\\\\LostFound\\\\\\\\entry\\\\\\\\.preview\\\\\\\\cache\\\\\\\\.default\\\",\\\"aceModuleBuild\\\":\\\"D:\\\\\\\\devecostudio-windows-6.0.1.251\\\\\\\\devecostudio-windows-6.0.1.251\\\\\\\\LostFound\\\\\\\\entry\\\\\\\\.preview\\\\\\\\default\\\\\\\\intermediates\\\\\\\\assets\\\\\\\\default\\\\\\\\ets\\\",\\\"aceModuleJsonPath\\\":\\\"D:\\\\\\\\devecostudio-windows-6.0.1.251\\\\\\\\devecostudio-windows-6.0.1.251\\\\\\\\LostFound\\\\\\\\entry\\\\\\\\.preview\\\\\\\\default\\\\\\\\intermediates\\\\\\\\res\\\\\\\\default\\\\\\\\module.json\\\",\\\"stageRouterConfig\\\":{\\\"paths\\\":[\\\"D:\\\\\\\\devecostudio-windows-6.0.1.251\\\\\\\\devecostudio-windows-6.0.1.251\\\\\\\\LostFound\\\\\\\\entry\\\\\\\\.preview\\\\\\\\default\\\\\\\\intermediates\\\\\\\\res\\\\\\\\default\\\\\\\\module.json\\\",\\\"D:\\\\\\\\devecostudio-windows-6.0.1.251\\\\\\\\devecostudio-windows-6.0.1.251\\\\\\\\LostFound\\\\\\\\entry\\\\\\\\.preview\\\\\\\\default\\\\\\\\intermediates\\\\\\\\res\\\\\\\\default\\\\\\\\resources\\\\\\\\base\\\\\\\\profile\\\\\\\\main_pages.json\\\"],\\\"contents\\\":[\\\"{\\\\\\\"module\\\\\\\":{\\\\\\\"pages\\\\\\\":\\\\\\\"$profile:main_pages\\\\\\\",\\\\\\\"name\\\\\\\":\\\\\\\"entry\\\\\\\"}}\\\",\\\"{\\\\\\\"src\\\\\\\":[\\\\\\\"pages/LoginPage\\\\\\\",\\\\\\\"pages/RegisterPage\\\\\\\",\\\\\\\"pages/Index\\\\\\\",\\\\\\\"pages/AddPage\\\\\\\",\\\\\\\"pages/DetailPage\\\\\\\"]}\\\"]}}\",\"_valueType\":\"string\",\"_hash\":\"8b5a9f9b8fb56341d3cd0a3ccdc622724ce87d620235c98e197bc2c7d848cd37\"}"}],"_successful":true,"_projectName":"LostFound","_moduleName":"entry","_taskName":"default@PreviewUpdateAssets","_key":":LostFound:entry:default@PreviewUpdateAssets","_executionId":":LostFound:entry:default@PreviewUpdateAssets:1765984073891","_inputFiles":{"dataType":"Map","value":[]},"_outputFiles":{"dataType":"Map","value":[["D:\\devecostudio-windows-6.0.1.251\\devecostudio-windows-6.0.1.251\\LostFound\\entry\\.preview\\default\\intermediates\\res\\default\\module.json",{"isDirectory":false,"fileSnapShotHashValue":"6923795d87147626b24fd30af730bbe833219818f241f668db72055db736fd6a"}],["D:\\devecostudio-windows-6.0.1.251\\devecostudio-windows-6.0.1.251\\LostFound\\entry\\.preview\\default\\intermediates\\res\\default\\resources\\base\\profile\\main_pages.json",{"isDirectory":false,"fileSnapShotHashValue":"ad4406f36de90a615f69f8cb51e22984be32293e39e0424c4bac24f034d33f4c"}]]}},":LostFound:entry:default@PreviewArkTS":{"_inputs":[{"dataType":"ValueEntry","value":"{\"_name\":\"debuggable\",\"_value\":true,\"_valueType\":\"boolean\"}"},{"dataType":"ValueEntry","value":"{\"_name\":\"isArk\",\"_value\":true,\"_valueType\":\"boolean\"}"},{"dataType":"ValueEntry","value":"{\"_name\":\"needCoverageInsert\",\"_value\":false,\"_valueType\":\"boolean\"}"},{"dataType":"ValueEntry","value":"{\"_name\":\"ark.tsImportSendable\",\"_value\":false,\"_valueType\":\"boolean\"}"},{"dataType":"ValueEntry","value":"{\"_name\":\"customTypes\",\"_value\":[],\"_valueType\":\"object\"}"},{"dataType":"ValueEntry","value":"{\"_name\":\"isByteCodeHarOptimize\",\"_value\":false,\"_valueType\":\"boolean\"}"},{"dataType":"ValueEntry","value":"{\"_name\":\"caseSensitiveCheck\",\"_value\":true,\"_valueType\":\"boolean\"}"},{"dataType":"ValueEntry","value":"{\"_name\":\"useNormalizedOHMUrl\",\"_value\":true,\"_valueType\":\"boolean\"}"},{"dataType":"ValueEntry","value":"{\"_name\":\"transformLib\",\"_value\":\"\",\"_valueType\":\"string\"}"},{"dataType":"ValueEntry","value":"{\"_name\":\"compatibleSdkVersionStage\",\"_value\":\"\",\"_valueType\":\"string\"}"},{"dataType":"ValueEntry","value":"{\"_name\":\"skipOhModulesLint\",\"_value\":false,\"_valueType\":\"boolean\"}"},{"dataType":"ValueEntry","value":"{\"_name\":\"autoLazyImport\",\"_value\":false,\"_valueType\":\"boolean\"}"},{"dataType":"ValueEntry","value":"{\"_name\":\"allowEmptyBundleName\",\"_value\":false,\"_valueType\":\"boolean\"}"},{"dataType":"ValueEntry","value":"{\"_name\":\"reExportCheckMode\",\"_value\":\"noCheck\",\"_valueType\":\"string\"}"},{"dataType":"ValueEntry","value":"{\"_name\":\"executionMode\",\"_value\":\"memory\",\"_valueType\":\"string\"}"},{"dataType":"ValueEntry","value":"{\"_name\":\"usePathPlaceholder\",\"_value\":false,\"_valueType\":\"boolean\"}"},{"dataType":"ValueEntry","value":"{\"_name\":\"writeRollupCache\",\"_value\":true,\"_valueType\":\"boolean\"}"},{"dataType":"ValueEntry","value":"{\"_name\":\"isExpandImportEnabled\",\"_value\":false,\"_valueType\":\"boolean\"}"},{"dataType":"ValueEntry","value":"{\"_name\":\"expandImportExclude\",\"_value\":\"\",\"_valueType\":\"string\"}"},{"dataType":"ValueEntry","value":"{\"_name\":\"lazyImportExclude\",\"_value\":\"\",\"_valueType\":\"string\"}"},{"dataType":"ValueEntry","value":"{\"_name\":\"lazyImportInclude\",\"_value\":\"\",\"_valueType\":\"string\"}"},{"dataType":"ValueEntry","value":"{\"_name\":\"ignoreCrossplatformCheck\",\"_value\":false,\"_valueType\":\"boolean\"}"},{"dataType":"ValueEntry","value":"{\"_name\":\"isHarDeduplicateEnabled\",\"_value\":false,\"_valueType\":\"boolean\"}"},{"dataType":"ValueEntry","value":"{\"_name\":\"enableStrictCheckOHModule\",\"_value\":false,\"_valueType\":\"boolean\"}"},{"dataType":"ValueEntry","value":"{\"_name\":\"useDeclarationFileSignature\",\"_value\":false,\"_valueType\":\"boolean\"}"},{"dataType":"ValueEntry","value":"{\"_name\":\"isPreloadSoEnabled\",\"_value\":false,\"_valueType\":\"boolean\"}"},{"dataType":"ValueEntry","value":"{\"_name\":\"arkTsWdiget\",\"_value\":false,\"_valueType\":\"boolean\"}"},{"dataType":"ValueEntry","value":"{\"_name\":\"OBFUSCATION_ENABLE\",\"_value\":\"undefined\",\"_valueType\":\"string\"}"},{"dataType":"ValueEntry","value":"{\"_name\":\"OBFUSCATION_FILES_HASH\",\"_value\":\"\",\"_valueType\":\"string\"}"},{"dataType":"ValueEntry","value":"{\"_name\":\"maxFlowDepth\",\"_value\":\"undefined\",\"_valueType\":\"string\"}"},{"dataType":"ValueEntry","value":"{\"_name\":\"noExternalImportByPath\",\"_value\":true,\"_valueType\":\"boolean\"}"},{"dataType":"ValueEntry","value":"{\"_name\":\"copyCodeResourceEnable\",\"_value\":false,\"_valueType\":\"boolean\"}"},{"dataType":"ValueEntry","value":"{\"_name\":\"ohos.uiTransform.Optimization\",\"_value\":false,\"_valueType\":\"boolean\"}"},{"dataType":"ValueEntry","value":"{\"_name\":\"ohos.rollupCache.useSourceHash\",\"_value\":false,\"_valueType\":\"boolean\"}"},{"dataType":"ValueEntry","value":"{\"_name\":\"localModuleParamMap\",\"_value\":\"{}\",\"_valueType\":\"string\"}"},{"dataType":"ValueEntry","value":"{\"_name\":\"autoLazyFilter\",\"_value\":\"\",\"_valueType\":\"string\"}"},{"dataType":"ValueEntry","value":"{\"_name\":\"BUILTIN_TASK_COMMAND\",\"_value\":\"\",\"_valueType\":\"string\"}"},{"dataType":"ValueEntry","value":"{\"_name\":\"BUILTIN_TASK_TOOLCHAIN\",\"_value\":\"\",\"_valueType\":\"string\"}"},{"dataType":"ValueEntry","value":"{\"_name\":\"BUILTIN_TASK_ENV\",\"_value\":\"\",\"_valueType\":\"string\"}"}],"_successful":true,"_projectName":"LostFound","_moduleName":"entry","_taskName":"default@PreviewArkTS","_key":":LostFound:entry:default@PreviewArkTS","_executionId":":LostFound:entry:default@PreviewArkTS:1765985617342","_inputFiles":{"dataType":"Map","value":[["D:\\devecostudio-windows-6.0.1.251\\devecostudio-windows-6.0.1.251\\LostFound\\entry\\.preview\\default\\intermediates\\loader\\default",{"isDirectory":true,"fileSnapShotHashValue":"56b896cddabd1fe814c8c56e765580de07f87b9aafe91e12f6d89e8c57b6fe14"}],["D:\\devecostudio-windows-6.0.1.251\\devecostudio-windows-6.0.1.251\\LostFound\\entry\\.preview\\default\\intermediates\\res\\default\\ResourceTable.txt",{"fileSnapShotHashValue":"7a170072951ee1f02135be9cd945d5ee2a203bc52f06299c1dcec301ea4b2d63"}],["D:\\devecostudio-windows-6.0.1.251\\devecostudio-windows-6.0.1.251\\LostFound\\entry\\.preview\\default\\intermediates\\process_profile\\default\\module.json",{"fileSnapShotHashValue":"9cadb786734b0d5badf6eb077e83e25a8bcf5887fbf52fba7978f4f8a028da5a"}],["D:\\devecostudio-windows-6.0.1.251\\devecostudio-windows-6.0.1.251\\LostFound\\entry\\.preview\\default\\intermediates\\res\\default\\resources\\base\\profile",{"isDirectory":true,"fileSnapShotHashValue":"fd9c2cc0e534280565339cd891fc65568e20ad557132ea7edf8d01dcf0d3bc18"}],["D:\\devecostudio-windows-6.0.1.251\\devecostudio-windows-6.0.1.251\\LostFound\\entry\\src\\main\\ets",{"isDirectory":true,"fileSnapShotHashValue":"51acddc9a29cf2337dc857cec9ed6c27230baa4e403ec4b8aafa99f594a4cc51"}],["D:\\devecostudio-windows-6.0.1.251\\devecostudio-windows-6.0.1.251\\LostFound\\entry\\.preview\\default\\intermediates\\loader\\default\\pkgContextInfo.json",{"fileSnapShotHashValue":"e95b4b2f34ef62dfebaf02f505f66c7422dbc3cbb64b1ad8b7bf9a695ef04bcc"}],["D:\\devecostudio-windows-6.0.1.251\\devecostudio-windows-6.0.1.251\\LostFound\\entry\\.preview\\default\\generated\\profile\\default\\BuildProfile.ets",{"fileSnapShotHashValue":"b526e16ac069608343a93497cf5f8e852e5eb7ed6f70d546f7757c7a8eed6f7b"}],["D:\\devecostudio-windows-6.0.1.251\\devecostudio-windows-6.0.1.251\\LostFound\\entry\\src\\mock\\mock-config.json5",{"isDirectory":false,"fileSnapShotHashValue":"4b69cd73dd299ce16431db67f41e641d9ee8c17c6bbe3bc07be7673f787ba0cc"}]]},"_outputFiles":{"dataType":"Map","value":[["D:\\devecostudio-windows-6.0.1.251\\devecostudio-windows-6.0.1.251\\LostFound\\entry\\.preview\\default\\intermediates\\loader_out\\default\\ets",{"isDirectory":true,"fileSnapShotHashValue":""}]]}}}