{
  "HVIGOR_OHOS_PLUGIN": {
    "MODULES": [
      {
        "MODULE_NAME": "923fe53966c6cd9343e11af776cd4b05be315ea4b200b02e4d5dfb0f929b73bf",
        "API_TYPE": "stageMode"
      }
    ],
    "NATIVE_COMPILER": "Default",
    "BUILD_MODE": "debug",
    "USE_NORMALIZED_OHMURL": true
  },
  "HVIGOR": {
    "IS_INCREMENTAL": true,
    "IS_DAEMON": true,
    "IS_PARALLEL": true,
    "IS_HVIGORFILE_TYPE_CHECK": false,
    "TASK_TIME": {
      "923fe53966c6cd9343e11af776cd4b05be315ea4b200b02e4d5dfb0f929b73bf": {
        "CreateModuleInfo": 446900,
        "PreCheckSyscap": 1038200,
        "ProcessStartupConfig": 1291900,
        "PreviewProcessResource": 1197500,
        "PreviewHookCompileResource": 731900,
        "ReplacePreviewerPage": 207600,
        "buildPreviewerResource": 129600,
        "PreviewArkTS": 5926214500,
        "PreviewBuild": 183800
      }
    },
    "APIS": [
      "getHvigorConfig",
      "getRootNodeDescriptor",
      "getChildNode",
      "getNodeByName",
      "getAllNodes",
      "getRootNode",
      "getNodeName",
      "getNodePath",
      "subNodes",
      "getExtraOption",
      "getExtParam",
      "getExtParams",
      "getProperty",
      "getProperties",
      "getParameter",
      "getProductName",
      "nodesEvaluated",
      "getCommandEntryTask",
      "getStartParams"
    ],
    "CONFIG_PROPERTIES": {},
    "TOTAL_TIME": 6074135600,
    "BUILD_ID": "202512172333371970"
  }
}